config,round,batch_id,stage_index,stage_members,source_records,T_ms,T_ms_per_record,C_ms,C_ms_per_record,H_ms,H_ms_per_record,in_bytes,out_bytes,in_bytes_per_record,out_bytes_per_record,instrument,batch_whole_T_ms_per_record
U,0,0,0,to_float,4,149.74137442186475,37.43534360546619,1.7102810000000002,0.42757025000000004,148.03109342186474,37.007773355466185,2251676,9001682,562919.0,2250420.5,on,108.99393446743488
U,0,0,1,crop,4,174.09743182361126,43.524357955902815,18.82779,4.7069475,155.26964182361127,38.81741045590282,9001682,2859400,2250420.5,714850.0,on,108.99393446743488
U,0,0,2,flip,4,89.25234992057085,22.313087480142713,1.104242,0.2760605,88.14810792057085,22.037026980142713,2859400,2859400,714850.0,714850.0,on,108.99393446743488
U,0,1,0,to_float,4,144.8132419027388,36.2033104756847,1.698745,0.42468625,143.1144969027388,35.7786242256847,2251676,9001680,562919.0,2250420.0,on,107.56189445964992
U,0,1,1,crop,4,168.79538400098681,42.198846000246704,18.537835,4.63445875,150.2575490009868,37.5643872502467,9001680,2859402,2250420.0,714850.5,on,107.56189445964992
U,0,1,2,flip,4,90.85935819894075,22.71483954973519,1.082601,0.27065025,89.77675719894076,22.44418929973519,2859402,2859400,714850.5,714850.0,on,107.56189445964992
U,0,2,0,to_float,4,149.0998319350183,37.274957983754575,1.7525249999999999,0.43813124999999997,147.3473069350183,36.83682673375458,2365676,9457682,591419.0,2364420.5,on,114.31495274882764
U,0,2,1,crop,4,195.54599886760116,48.88649971690029,19.161220999999998,4.790305249999999,176.38477786760114,44.096194466900286,9457682,2859402,2364420.5,714850.5,on,114.31495274882764
U,0,2,2,flip,4,89.70184018835425,22.425460047088563,1.090033,0.27250825,88.61180718835425,22.152951797088562,2859402,2859400,714850.5,714850.0,on,114.31495274882764
U,0,3,0,to_float,4,141.75002230331302,35.437505575828254,1.705106,0.4262765,140.04491630331302,35.011229075828254,2251676,9001682,562919.0,2250420.5,on,104.07080373261124
U,0,3,1,crop,4,166.85887286439538,41.714718216098845,18.865066,4.7162665,147.99380686439537,36.99845171609884,9001682,2859400,2250420.5,714850.0,on,104.07080373261124
U,0,3,2,flip,4,87.54011476412416,21.88502869103104,1.127381,0.28184525,86.41273376412416,21.60318344103104,2859400,2859400,714850.0,714850.0,on,104.07080373261124
U,0,4,0,to_float,4,143.66994379088283,35.91748594772071,1.725674,0.4314185,141.94426979088283,35.48606744772071,2251676,9001682,562919.0,2250420.5,on,107.24075196776539
U,0,4,1,crop,4,162.8106259740889,40.70265649352223,18.586211000000002,4.646552750000001,144.22441497408892,36.05610374352223,9001682,2859400,2250420.5,714850.0,on,107.24075196776539
U,0,4,2,flip,4,93.16443977877498,23.291109944693744,1.1138970000000001,0.27847425000000003,92.05054277877498,23.012635694693746,2859400,2859402,714850.0,714850.5,on,107.24075196776539
U,0,5,0,to_float,4,142.76196202263236,35.69049050565809,1.706287,0.42657175,141.05567502263236,35.26391875565809,2251676,9001680,562919.0,2250420.0,on,104.74723542574793
U,0,5,1,crop,4,163.76975923776627,40.94243980944157,18.493511,4.62337775,145.27624823776625,36.31906205944156,9001680,2859400,2250420.0,714850.0,on,104.74723542574793
U,0,5,2,flip,4,87.2765677049756,21.8191419262439,1.093574,0.2733935,86.1829937049756,21.5457484262439,2859400,2859400,714850.0,714850.0,on,104.74723542574793
U,0,6,0,to_float,4,144.81345238164067,36.20336309541017,1.691338,0.4228345,143.12211438164067,35.78052859541017,2251676,9001682,562919.0,2250420.5,on,105.0423497799784
U,0,6,1,crop,4,162.8444599919021,40.71111499797553,18.421575999999998,4.6053939999999995,144.42288399190213,36.10572099797553,9001682,2859400,2250420.5,714850.0,on,105.0423497799784
U,0,6,2,flip,4,86.49341901764274,21.623354754410684,1.081366,0.2703415,85.41205301764273,21.353013254410683,2859400,2859400,714850.0,714850.0,on,105.0423497799784
U,0,7,0,to_float,4,140.90751018375158,35.226877545937896,1.677492,0.419373,139.23001818375158,34.807504545937896,2251676,9001682,562919.0,2250420.5,on,104.18726329226047
U,0,7,1,crop,4,165.4247147962451,41.356178699061275,18.371552,4.592888,147.0531627962451,36.76329069906127,9001682,2859400,2250420.5,714850.0,on,104.18726329226047
U,0,7,2,flip,4,87.07243390381336,21.76810847595334,1.079211,0.26980275,85.99322290381336,21.49830572595334,2859400,2859400,714850.0,714850.0,on,104.18726329226047
U,0,8,0,to_float,4,143.41398002579808,35.85349500644952,1.70543,0.4263575,141.70855002579808,35.42713750644952,2251676,9001680,562919.0,2250420.0,on,105.13982409611344
U,0,8,1,crop,4,165.05754319950938,41.264385799877346,18.373134999999998,4.593283749999999,146.6844081995094,36.67110204987735,9001680,2859402,2250420.0,714850.5,on,105.13982409611344
U,0,8,2,flip,4,86.46024391055107,21.615060977637768,1.177064,0.294266,85.28317991055107,21.320794977637767,2859402,2859400,714850.5,714850.0,on,105.13982409611344
U,0,9,0,to_float,4,157.83330099657178,39.458325249142945,1.793212,0.448303,156.04008899657177,39.01002224914294,2424176,9691682,606044.0,2422920.5,on,111.50055204052478
U,0,9,1,crop,4,173.1199435889721,43.27998589724302,18.273234,4.5683085,154.8467095889721,38.71167739724302,9691682,2859400,2422920.5,714850.0,on,111.50055204052478
U,0,9,2,flip,4,88.99394795298576,22.24848698824644,1.097945,0.27448625,87.89600295298577,21.974000738246442,2859400,2859400,714850.0,714850.0,on,111.50055204052478
U,0,10,0,to_float,4,94.36203865334392,23.59050966333598,1.0695329999999998,0.26738324999999996,93.29250565334391,23.323126413335977,1315672,5257678,328918.0,1314419.5,on,79.70863452646881
U,0,10,1,crop,4,123.67838295176625,30.919595737941563,17.724934,4.4312335,105.95344895176625,26.488362237941562,5257678,2859400,1314419.5,714850.0,on,79.70863452646881
U,0,10,2,flip,4,85.05187137052417,21.262967842631042,1.196059,0.29901475,83.85581237052416,20.96395309263104,2859400,2859402,714850.0,714850.5,on,79.70863452646881
U,0,11,0,to_float,4,117.40148300305009,29.350370750762522,1.339144,0.334786,116.06233900305008,29.01558475076252,1726076,6899282,431519.0,1724820.5,on,91.70535882003605
U,0,11,1,crop,4,140.3833031654358,35.09582579135895,18.198094,4.5495235,122.1852091654358,30.54630229135895,6899282,2859402,1724820.5,714850.5,on,91.70535882003605
U,0,11,2,flip,4,85.95472108572721,21.488680271431804,1.134895,0.28372375,84.81982608572721,21.204956521431804,2859402,2859402,714850.5,714850.5,on,91.70535882003605
U,0,12,0,to_float,4,132.68862385302782,33.172155963256955,1.5951170000000001,0.39877925000000003,131.09350685302783,32.77337671325696,2089321,8352274,522330.25,2088068.5,on,98.65218901541084
U,0,12,1,crop,4,153.7637896835804,38.4409474208951,17.523353,4.38083825,136.2404366835804,34.0601091708951,8352274,2859402,2088068.5,714850.5,on,98.65218901541084
U,0,12,2,flip,4,84.86200869083405,21.21550217270851,1.17432,0.29358,83.68768869083405,20.921922172708513,2859402,2859400,714850.5,714850.0,on,98.65218901541084
U,0,13,0,to_float,4,67.32577085494995,16.831442713737488,0.809472,0.202368,66.51629885494995,16.629074713737488,865412,3456642,216353.0,864160.5,on,67.68768781330436
U,0,13,1,crop,4,102.19874791800976,25.54968697950244,17.655641000000003,4.413910250000001,84.54310691800976,21.13577672950244,3456642,2859400,864160.5,714850.0,on,67.68768781330436
U,0,13,2,flip,4,88.04221404716372,22.01055351179093,1.0925500000000001,0.27313750000000003,86.94966404716372,21.73741601179093,2859400,2859400,714850.0,714850.0,on,67.68768781330436
U,0,14,0,to_float,4,138.33843264728785,34.58460816182196,1.489961,0.37249025,136.84847164728785,34.21211791182196,1936703,7741790,484175.75,1935447.5,on,99.6928297681734
U,0,14,1,crop,4,149.18259996920824,37.29564999230206,18.070899,4.51772475,131.11170096920824,32.77792524230206,7741790,2859400,1935447.5,714850.0,on,99.6928297681734
U,0,14,2,flip,4,92.6616438664496,23.1654109666124,1.149087,0.28727175,91.5125568664496,22.8781392166124,2859400,2859400,714850.0,714850.0,on,99.6928297681734
U,0,15,0,to_float,4,237.05360665917397,59.26340166479349,2.5337870000000002,0.6334467500000001,234.51981965917398,58.629954914793494,3705332,14816306,926333.0,3704076.5,on,147.449062904343
U,0,15,1,crop,4,232.0000589825213,58.000014745630324,19.037351,4.75933775,212.9627079825213,53.240676995630324,14816306,2859400,3704076.5,714850.0,on,147.449062904343
U,0,15,2,flip,4,88.45069818198681,22.112674545496702,1.087885,0.27197125,87.36281318198681,21.840703295496702,2859400,2859402,714850.0,714850.5,on,147.449062904343
U,0,16,0,to_float,4,73.97569110617042,18.493922776542604,0.9445089999999999,0.23612724999999998,73.03118210617042,18.257795526542605,1067714,4265852,266928.5,1066463.0,on,72.12755247019231
U,0,16,1,crop,4,112.79857717454433,28.199644293636084,17.430871,4.35771775,95.36770617454434,23.841926543636085,4265852,2859402,1066463.0,714850.5,on,72.12755247019231
U,0,16,2,flip,4,87.30066381394863,21.825165953487158,1.181706,0.2954265,86.11895781394863,21.529739453487156,2859402,2859402,714850.5,714850.5,on,72.12755247019231
U,0,17,0,to_float,4,121.90470891073346,30.476177227683365,1.438998,0.3597495,120.46571091073346,30.116427727683366,1921975,7682881,480493.75,1920720.25,on,96.53635253198445
U,0,17,1,crop,4,153.73074682429433,38.43268670607358,18.749283,4.68732075,134.98146382429434,33.745365956073584,7682881,2859402,1920720.25,714850.5,on,96.53635253198445
U,0,17,2,flip,4,88.11980718746781,22.029951796866953,1.116893,0.27922325,87.00291418746781,21.750728546866952,2859402,2859400,714850.5,714850.0,on,96.53635253198445
U,0,18,0,to_float,4,288.8089418411255,72.20223546028137,3.026785,0.75669625,285.78215684112547,71.44553921028137,4285436,17136720,1071359.0,4284180.0,on,158.5067135747522
U,0,18,1,crop,4,230.79725168645382,57.699312921613455,11.051179999999999,2.7627949999999997,219.74607168645383,54.93651792161346,17136720,2859400,4284180.0,714850.0,on,158.5067135747522
U,0,18,2,flip,4,82.11530232802033,20.528825582005084,0.885074,0.2212685,81.23022832802033,20.307557082005083,2859400,2859402,714850.0,714850.5,on,158.5067135747522
U,0,19,0,to_float,4,99.92624493315816,24.98156123328954,1.304567,0.32614175,98.62167793315815,24.65541948328954,1582614,6325440,395653.5,1581360.0,on,84.08021146897227
U,0,19,1,crop,4,129.93183685466647,32.48295921366662,18.089304,4.522326,111.84253285466647,27.96063321366662,6325440,2859400,1581360.0,714850.0,on,84.08021146897227
U,0,19,2,flip,4,88.97177083417773,22.242942708544433,1.203672,0.300918,87.76809883417774,21.942024708544434,2859400,2859400,714850.0,714850.0,on,84.08021146897227
U,0,20,0,to_float,4,527.4009951390326,131.85024878475815,23.605594000000004,5.901398500000001,503.7954011390326,125.94885028475815,7780494,31116960,1945123.5,7779240.0,on,291.3880320265889
U,0,20,1,crop,4,440.0971941649914,110.02429854124784,13.122229,3.28055725,426.9749651649914,106.74374129124784,31116960,2859400,7779240.0,714850.0,on,291.3880320265889
U,0,20,2,flip,4,86.84279629960656,21.71069907490164,1.179713,0.29492825,85.66308329960655,21.41577082490164,2859400,2859400,714850.0,714850.0,on,291.3880320265889
U,0,21,0,to_float,4,84.516242146492,21.129060536623,1.025564,0.256391,83.490678146492,20.872669536623,1228691,4909787,307172.75,1227446.75,on,76.20997657068074
U,0,21,1,crop,4,117.60661378502846,29.401653446257114,17.370328,4.342582,100.23628578502846,25.059071446257114,4909787,2859400,1227446.75,714850.0,on,76.20997657068074
U,0,21,2,flip,4,87.86968095228076,21.96742023807019,1.168433,0.29210825,86.70124795228077,21.67531198807019,2859400,2859400,714850.0,714850.0,on,76.20997657068074
U,0,22,0,to_float,4,127.92429002001882,31.981072505004704,1.5486879999999998,0.38717199999999996,126.37560202001882,31.593900505004704,2071675,8281679,517918.75,2070419.75,on,99.3213962065056
U,0,22,1,crop,4,157.01034385710955,39.25258596427739,18.748347,4.68708675,138.26199685710955,34.56549921427739,8281679,2859400,2070419.75,714850.0,on,99.3213962065056
U,0,22,2,flip,4,91.08146093785763,22.770365234464407,1.37605,0.3440125,89.70541093785762,22.426352734464405,2859400,2859400,714850.0,714850.0,on,99.3213962065056
U,0,23,0,to_float,4,982.6215729117393,245.65539322793484,44.549719,11.13742975,938.0718539117394,234.51796347793484,15684470,62732858,3921117.5,15683214.5,on,487.40344622638077
U,0,23,1,crop,4,767.348122317344,191.837030579336,10.005654,2.5014135,757.3424683173439,189.33561707933598,62732858,2859402,15683214.5,714850.5,on,487.40344622638077
U,0,23,2,flip,4,83.92006810754538,20.980017026886344,1.171195,0.29279875,82.74887310754538,20.687218276886345,2859402,2859402,714850.5,714850.5,on,487.40344622638077
U,0,24,0,to_float,4,77.52768974751234,19.381922436878085,1.059639,0.26490975,76.46805074751234,19.117012686878084,1116322,4460276,279080.5,1115069.0,on,73.84786452166736
U,0,24,1,crop,4,114.74635871127248,28.68658967781812,17.627814,4.4069535,97.11854471127248,24.27963617781812,4460276,2859402,1115069.0,714850.5,on,73.84786452166736
U,0,24,2,flip,4,87.71458780393004,21.92864695098251,1.075652,0.268913,86.63893580393004,21.65973395098251,2859402,2859402,714850.5,714850.5,on,73.84786452166736
U,0,25,0,to_float,4,139.06328473240137,34.76582118310034,1.747917,0.43697925,137.31536773240137,34.32884193310034,2289774,9154078,572443.5,2288519.5,on,102.00604621786624
U,0,25,1,crop,4,161.0223837196827,40.25559592992067,18.759861,4.68996525,142.2625227196827,35.56563067992067,9154078,2859402,2288519.5,714850.5,on,102.00604621786624
U,0,25,2,flip,4,86.83766797184944,21.70941699296236,1.136145,0.28403625,85.70152297184944,21.42538074296236,2859402,2859400,714850.5,714850.0,on,102.00604621786624
U,0,26,0,to_float,4,99.51509581878781,24.878773954696953,1.26287,0.3157175,98.2522258187878,24.56305645469695,1578849,6310380,394712.25,1577595.0,on,84.48178495746106
U,0,26,1,crop,4,131.73487409949303,32.93371852487326,18.084101999999998,4.5210254999999995,113.65077209949303,28.412693024873256,6310380,2859400,1577595.0,714850.0,on,84.48178495746106
U,0,26,2,flip,4,88.99711072444916,22.24927768111229,1.0982889999999998,0.27457224999999996,87.89882172444916,21.97470543111229,2859400,2859400,714850.0,714850.0,on,84.48178495746106
U,0,27,0,to_float,4,297.7698538452387,74.44246346130967,3.303969,0.82599225,294.4658848452387,73.61647121130967,4796582,19181306,1199145.5,4795326.5,on,171.63738375529647
U,0,27,1,crop,4,263.0888679996133,65.77221699990332,20.355031,5.08875775,242.7338369996133,60.68345924990332,19181306,2859400,4795326.5,714850.0,on,171.63738375529647
U,0,27,2,flip,4,86.15089021623135,21.537722554057837,1.090893,0.27272325,85.05999721623135,21.264999304057838,2859400,2859402,714850.0,714850.5,on,171.63738375529647
U,0,28,0,to_float,4,134.50946426019073,33.62736606504768,1.587612,0.396903,132.92185226019072,33.23046306504768,2147874,8586478,536968.5,2146619.5,on,99.97274947818369
U,0,28,1,crop,4,155.99469793960452,38.99867448490113,18.00156,4.50039,137.9931379396045,34.49828448490113,8586478,2859402,2146619.5,714850.5,on,99.97274947818369
U,0,28,2,flip,4,89.66132905334234,22.415332263335586,1.1015549999999998,0.27538874999999996,88.55977405334234,22.139943513335584,2859402,2859400,714850.5,714850.0,on,99.97274947818369
U,0,29,0,to_float,4,87.68597524613142,21.921493811532855,1.0234020000000001,0.25585050000000004,86.66257324613142,21.665643311532854,1207384,4824526,301846.0,1206131.5,on,78.28430784866214
U,0,29,1,crop,4,122.57105112075806,30.642762780189514,17.630695000000003,4.407673750000001,104.94035612075805,26.235089030189513,4824526,2859400,1206131.5,714850.0,on,78.28430784866214
U,0,29,2,flip,4,86.30306087434292,21.57576521858573,1.108004,0.277001,85.19505687434292,21.29876421858573,2859400,2859402,714850.0,714850.5,on,78.28430784866214
U,0,30,0,to_float,4,159.21273501589894,39.803183753974736,1.828499,0.45712475,157.38423601589895,39.34605900397474,2449795,9794161,612448.75,2448540.25,on,112.09053255151957
U,0,30,1,crop,4,174.81287382543087,43.70321845635772,18.707239,4.67680975,156.10563482543085,39.026408706357714,9794161,2859400,2448540.25,714850.0,on,112.09053255151957
U,0,30,2,flip,4,89.00615572929382,22.251538932323456,1.114786,0.2786965,87.89136972929383,21.972842432323457,2859400,2859402,714850.0,714850.5,on,112.09053255151957
U,0,31,0,to_float,4,227.69691096618772,56.92422774154693,2.550077,0.63751925,225.14683396618773,56.28670849154693,3625300,14496181,906325.0,3624045.25,on,142.48088526073843
U,0,31,1,crop,4,222.11580909788609,55.52895227447152,19.228714,4.8071785,202.8870950978861,50.72177377447152,14496181,2859400,3624045.25,714850.0,on,142.48088526073843
U,0,31,2,flip,4,89.81614001095295,22.454035002738237,1.134242,0.2835605,88.68189801095295,22.170474502738237,2859400,2859400,714850.0,714850.0,on,142.48088526073843
U,0,32,0,to_float,4,191.28997204825282,47.822493012063205,2.316377,0.57909425,188.97359504825283,47.24339876206321,3343584,13369320,835896.0,3342330.0,on,129.26106026861817
U,0,32,1,crop,4,201.68513106182218,50.421282765455544,18.377523000000004,4.594380750000001,183.30760806182218,45.826902015455545,13369320,2859400,3342330.0,714850.0,on,129.26106026861817
U,0,32,2,flip,4,88.9512300491333,22.237807512283325,1.126172,0.281543,87.8250580491333,21.956264512283326,2859400,2859400,714850.0,714850.0,on,129.26106026861817
U,0,33,0,to_float,4,99.45629630237818,24.864074075594544,1.202828,0.300707,98.25346830237818,24.563367075594545,1574873,6294479,393718.25,1573619.75,on,84.69928975682706
U,0,33,1,crop,4,133.93456814810634,33.483642037026584,17.75208,4.43802,116.18248814810633,29.045622037026583,6294479,2859400,1573619.75,714850.0,on,84.69928975682706
U,0,33,2,flip,4,88.20413704961538,22.051034262403846,1.120669,0.28016725,87.08346804961538,21.770867012403844,2859400,2859400,714850.0,714850.0,on,84.69928975682706
U,0,34,0,to_float,4,110.23002909496427,27.557507273741066,1.27424,0.31856,108.95578909496426,27.238947273741065,1698824,6790274,424706.0,1697568.5,on,90.31938726548105
U,0,34,1,crop,4,143.85015983134508,35.96253995783627,18.037644,4.509411,125.81251583134508,31.45312895783627,6790274,2859400,1697568.5,714850.0,on,90.31938726548105
U,0,34,2,flip,4,84.04960623010993,21.012401557527483,1.170972,0.292743,82.87863423010992,20.71965855752748,2859400,2859400,714850.0,714850.0,on,90.31938726548105
U,0,35,0,to_float,4,253.4298710525036,63.3574677631259,2.7294340000000004,0.6823585000000001,250.7004370525036,62.6751092631259,4006397,16020566,1001599.25,4005141.5,on,150.56892670691013
U,0,35,1,crop,4,228.41492109000683,57.10373027250171,19.19933,4.7998325,209.21559109000682,52.303897772501706,16020566,2859400,4005141.5,714850.0,on,150.56892670691013
U,0,35,2,flip,4,86.42156422138214,21.605391055345535,1.163793,0.29094825,85.25777122138214,21.314442805345536,2859400,2859402,714850.0,714850.5,on,150.56892670691013
U,0,36,0,to_float,4,77.06950977444649,19.267377443611622,1.160673,0.29016825,75.90883677444648,18.97720919361162,1074967,4294858,268741.75,1073714.5,on,77.30857760179788
U,0,36,1,crop,4,110.43690098449588,27.60922524612397,8.43078,2.107695,102.00612098449588,25.50153024612397,4294858,2859402,1073714.5,714850.5,on,77.30857760179788
U,0,36,2,flip,4,106.58625699579716,26.64656424894929,22.269826,5.5674565,84.31643099579716,21.07910774894929,2859402,2859400,714850.5,714850.0,on,77.30857760179788
U,0,37,0,to_float,4,107.14753391221166,26.786883478052914,1.031979,0.25799475,106.11555491221165,26.528888728052912,1759450,7032781,439862.5,1758195.25,on,86.71863470226526
U,0,37,1,crop,4,130.3499131463468,32.5874782865867,10.524096,2.631024,119.82581714634681,29.956454286586702,7032781,2859400,1758195.25,714850.0,on,86.71863470226526
U,0,37,2,flip,4,89.12813477218151,22.282033693045378,1.112914,0.2782285,88.01522077218151,22.003805193045377,2859400,2859400,714850.0,714850.0,on,86.71863470226526
U,0,38,0,to_float,4,71.31675165146589,17.829187912866473,0.7311500000000001,0.18278750000000002,70.5856016514659,17.646400412866473,1057134,4223520,264283.5,1055880.0,on,68.88331926893443
U,0,38,1,crop,4,101.46364476531744,25.36591119132936,9.945684,2.486421,91.51796076531744,22.87949019132936,4223520,2859400,1055880.0,714850.0,on,68.88331926893443
U,0,38,2,flip,4,86.74261998385191,21.685654995962977,1.2079090000000001,0.30197725000000003,85.53471098385191,21.383677745962977,2859400,2859402,714850.0,714850.5,on,68.88331926893443
U,0,39,0,to_float,4,103.41924102976918,25.854810257442296,0.865379,0.21634475,102.55386202976918,25.638465507442294,1546824,6182280,386706.0,1545570.0,on,81.00769319571555
U,0,39,1,crop,4,115.48410961404443,28.871027403511107,7.502330000000001,1.8755825000000002,107.98177961404443,26.995444903511107,6182280,2859400,1545570.0,714850.0,on,81.00769319571555
U,0,39,2,flip,4,86.86907403171062,21.717268507927656,0.7765920000000001,0.19414800000000002,86.09248203171063,21.523120507927658,2859400,2859400,714850.0,714850.0,on,81.00769319571555
