organisation,method,model_identity,predicted_ms_per_record,measured_ms_per_record,abs_error_ms,rel_error,measured_repeat_stdev_ms,error_over_repeat_stdev,measured_instrument_on_ms,instrument_effect_pct,terms
U,A_overall_discount,Cedar rho applied to baseline T_i,109.62156896712258,120.37731378610867,-10.755744818986088,-0.08935026443684675,4.8540953871131265,-2.2158082940728625,150.01896193037587,24.623948825553363,"{""T"": {""to_float"": 42.43370923213661, ""crop"": 45.128491055220366, ""flip"": 22.059368679765612}, ""note"": ""U is the measured baseline itself""}"
P,A_overall_discount,rho_AB on (T_A+T_B) + T_C,40.174512716463965,51.44398074092654,-11.269468024462576,-0.21906290808279322,3.456859314665094,-3.260030854207435,74.42740733289004,44.67660989865605,"{""rho_AB"": 0.20688315251614323, ""io_ab_fused"": 1373217.5125000002, ""io_ab_base"": 6637647.85, ""T"": {""to_float"": 42.43370923213661, ""crop"": 45.128491055220366, ""flip"": 22.059368679765612}}"
F,A_overall_discount,rho_ABC on sum(T_i),18.659695427970675,27.797247094955917,-9.137551666985242,-0.32872146064576807,1.7935613358645703,-5.094641306248145,39.10837523678007,40.691540796054824,"{""rho_ABC"": 0.17021919685866788, ""io_abc_fused"": 1373217.525, ""io_base"": 8067348.1625, ""T"": {""to_float"": 42.43370923213661, ""crop"": 45.128491055220366, ""flip"": 22.059368679765612}}"
P,A_reference_whole_block,measured U x IO_P/IO_U (reference),38.08689590101905,51.44398074092654,-13.357084839907493,-0.25964329835154437,3.456859314665094,-3.86393648802614,74.42740733289004,44.67660989865605,"{""note"": ""kept only as the naive whole-block variant of the discount""}"
U,B_compute_boundary,sum C_i + measured probe mean of 3 boundaries,126.44878088862365,120.37731378610867,6.071467102514973,0.05043697114975504,4.8540953871131265,1.2507927056056172,150.01896193037587,24.623948825553363,"{""compute"": {""to_float"": 0.80702233125, ""crop"": 4.2303317625, ""flip"": 0.41233286874999997}, ""boundaries"": [{""probe"": ""U_A_mapper"", ""in_bytes_per_record"": 658367.3625, ""out_bytes_per_record"": 2632215.16875, ""total_bytes_per_batch"": 13162330.125, ""measured_mean_ms_per_record"": 47.677817963024914, ""fixed_ms_per_batch"": 152.35480249568414, ""bytes_ms_per_batch"": 37.30030936533985, ""fixed_ms_per_record"": 38.088700623921035, ""bytes_ms_per_record"": 9.325077341334962, ""fit_total_ms_per_record"": 47.413777965255996, ""fit_mape"": 0.0723256629693926, ""fit_validation_mape"": 0.06292736431107208}, {""probe"": ""U_B_mapper"", ""in_bytes_per_record"": 2632215.16875, ""out_bytes_per_record"": 714850.15, ""total_bytes_per_batch"": 13388261.275, ""measured_mean_ms_per_record"": 50.09622982276293, ""fixed_ms_per_batch"": 29.01994231735922, ""bytes_ms_per_batch"": 172.924631577618, ""fixed_ms_per_record"": 7.254985579339805, ""bytes_ms_per_record"": 43.2311578944045, ""fit_total_ms_per_record"": 50.4861434737443, ""fit_mape"": 0.13777705210251984, ""fit_validation_mape"": 0.13656045116177382}, {""probe"": ""U_C_mapper"", ""in_bytes_per_record"": 714850.15, ""out_bytes_per_record"": 714850.1625, ""total_bytes_per_batch"": 5718801.25, ""measured_mean_ms_per_record"": 23.22504614033581, ""fixed_ms_per_batch"": 0.0, ""bytes_ms_per_batch"": 92.46319716955989, ""fixed_ms_per_record"": 0.0, ""bytes_ms_per_record"": 23.115799292389973, ""fit_total_ms_per_record"": 23.115799292389973, ""fit_mape"": 0.09687829242711876, ""fit_validation_mape"": 0.09594741308446623}], ""boundary_term"": ""measured probe mean (no fitted split)""}"
U,B_compute_boundary_fit,sum C_i + fitted fixed+byte rule,126.46540769389027,120.37731378610867,6.088093907781598,0.050575093564549645,4.8540953871131265,1.254218020507909,150.01896193037587,24.623948825553363,"{""compute"": {""to_float"": 0.80702233125, ""crop"": 4.2303317625, ""flip"": 0.41233286874999997}, ""boundaries"": [{""probe"": ""U_A_mapper"", ""in_bytes_per_record"": 658367.3625, ""out_bytes_per_record"": 2632215.16875, ""total_bytes_per_batch"": 13162330.125, ""measured_mean_ms_per_record"": 47.677817963024914, ""fixed_ms_per_batch"": 152.35480249568414, ""bytes_ms_per_batch"": 37.30030936533985, ""fixed_ms_per_record"": 38.088700623921035, ""bytes_ms_per_record"": 9.325077341334962, ""fit_total_ms_per_record"": 47.413777965255996, ""fit_mape"": 0.0723256629693926, ""fit_validation_mape"": 0.06292736431107208}, {""probe"": ""U_B_mapper"", ""in_bytes_per_record"": 2632215.16875, ""out_bytes_per_record"": 714850.15, ""total_bytes_per_batch"": 13388261.275, ""measured_mean_ms_per_record"": 50.09622982276293, ""fixed_ms_per_batch"": 29.01994231735922, ""bytes_ms_per_batch"": 172.924631577618, ""fixed_ms_per_record"": 7.254985579339805, ""bytes_ms_per_record"": 43.2311578944045, ""fit_total_ms_per_record"": 50.4861434737443, ""fit_mape"": 0.13777705210251984, ""fit_validation_mape"": 0.13656045116177382}, {""probe"": ""U_C_mapper"", ""in_bytes_per_record"": 714850.15, ""out_bytes_per_record"": 714850.1625, ""total_bytes_per_batch"": 5718801.25, ""measured_mean_ms_per_record"": 23.22504614033581, ""fixed_ms_per_batch"": 0.0, ""bytes_ms_per_batch"": 92.46319716955989, ""fixed_ms_per_record"": 0.0, ""bytes_ms_per_record"": 23.115799292389973, ""fit_total_ms_per_record"": 23.115799292389973, ""fit_mape"": 0.09687829242711876, ""fit_validation_mape"": 0.09594741308446623}]}"
P,B_compute_boundary,sum C_i + measured probe mean (AB fused + C),51.373899318248746,51.44398074092654,-0.07008142267779505,-0.001362286154151391,3.456859314665094,-0.020273148629592015,74.42740733289004,44.67660989865605,"{""compute"": {""to_float"": 0.80702233125, ""crop"": 4.2303317625, ""flip"": 0.41233286874999997}, ""boundaries"": [{""probe"": ""P_AB_fused"", ""in_bytes_per_record"": 658367.3625, ""out_bytes_per_record"": 714850.15, ""total_bytes_per_batch"": 5492870.050000001, ""measured_mean_ms_per_record"": 22.69916621541294, ""fixed_ms_per_batch"": 7.642537210848466, ""bytes_ms_per_batch"": 87.00634961158393, ""fixed_ms_per_record"": 1.9106343027121164, ""bytes_ms_per_record"": 21.751587402895982, ""fit_total_ms_per_record"": 23.662221705608097, ""fit_mape"": 0.10672519175913137, ""fit_validation_mape"": 0.10984921500900933}, {""probe"": ""U_C_mapper"", ""in_bytes_per_record"": 714850.15, ""out_bytes_per_record"": 714850.1625, ""total_bytes_per_batch"": 5718801.25, ""measured_mean_ms_per_record"": 23.22504614033581, ""fixed_ms_per_batch"": 0.0, ""bytes_ms_per_batch"": 92.46319716955989, ""fixed_ms_per_record"": 0.0, ""bytes_ms_per_record"": 23.115799292389973, ""fit_total_ms_per_record"": 23.115799292389973, ""fit_mape"": 0.09687829242711876, ""fit_validation_mape"": 0.09594741308446623}], ""boundary_term"": ""measured probe mean (no fitted split)""}"
P,B_compute_boundary_fit,sum C_i + fitted fixed+byte rule,52.227707960498066,51.44398074092654,0.7837272195715244,0.01523457571291768,3.456859314665094,0.2267165505540549,74.42740733289004,44.67660989865605,"{""compute"": {""to_float"": 0.80702233125, ""crop"": 4.2303317625, ""flip"": 0.41233286874999997}, ""boundaries"": [{""probe"": ""P_AB_fused"", ""in_bytes_per_record"": 658367.3625, ""out_bytes_per_record"": 714850.15, ""total_bytes_per_batch"": 5492870.050000001, ""measured_mean_ms_per_record"": 22.69916621541294, ""fixed_ms_per_batch"": 7.642537210848466, ""bytes_ms_per_batch"": 87.00634961158393, ""fixed_ms_per_record"": 1.9106343027121164, ""bytes_ms_per_record"": 21.751587402895982, ""fit_total_ms_per_record"": 23.662221705608097, ""fit_mape"": 0.10672519175913137, ""fit_validation_mape"": 0.10984921500900933}, {""probe"": ""U_C_mapper"", ""in_bytes_per_record"": 714850.15, ""out_bytes_per_record"": 714850.1625, ""total_bytes_per_batch"": 5718801.25, ""measured_mean_ms_per_record"": 23.22504614033581, ""fixed_ms_per_batch"": 0.0, ""bytes_ms_per_batch"": 92.46319716955989, ""fixed_ms_per_record"": 0.0, ""bytes_ms_per_record"": 23.115799292389973, ""fit_total_ms_per_record"": 23.115799292389973, ""fit_mape"": 0.09687829242711876, ""fit_validation_mape"": 0.09594741308446623}]}"
F,B_compute_boundary,sum C_i + measured probe mean (ABC fused),28.098611140322966,27.797247094955917,0.3013640453670483,0.010841506870719358,1.7935613358645703,0.16802550285896883,39.10837523678007,40.691540796054824,"{""compute"": {""to_float"": 0.80702233125, ""crop"": 4.2303317625, ""flip"": 0.41233286874999997}, ""boundaries"": [{""probe"": ""F_ABC_fused"", ""in_bytes_per_record"": 658367.3625, ""out_bytes_per_record"": 714850.1625, ""total_bytes_per_batch"": 5492870.1, ""measured_mean_ms_per_record"": 22.648924177822966, ""fixed_ms_per_batch"": 14.987735988795539, ""bytes_ms_per_batch"": 77.6836440405985, ""fixed_ms_per_record"": 3.7469339971988846, ""bytes_ms_per_record"": 19.420911010149624, ""fit_total_ms_per_record"": 23.167845007348507, ""fit_mape"": 0.09768407687649976, ""fit_validation_mape"": 0.10855872739768961}], ""boundary_term"": ""measured probe mean (no fitted split)""}"
F,B_compute_boundary_fit,sum C_i + fitted fixed+byte rule,28.617531969848507,27.797247094955917,0.8202848748925895,0.02950957237205832,1.7935613358645703,0.4573497758286468,39.10837523678007,40.691540796054824,"{""compute"": {""to_float"": 0.80702233125, ""crop"": 4.2303317625, ""flip"": 0.41233286874999997}, ""boundaries"": [{""probe"": ""F_ABC_fused"", ""in_bytes_per_record"": 658367.3625, ""out_bytes_per_record"": 714850.1625, ""total_bytes_per_batch"": 5492870.1, ""measured_mean_ms_per_record"": 22.648924177822966, ""fixed_ms_per_batch"": 14.987735988795539, ""bytes_ms_per_batch"": 77.6836440405985, ""fixed_ms_per_record"": 3.7469339971988846, ""bytes_ms_per_record"": 19.420911010149624, ""fit_total_ms_per_record"": 23.167845007348507, ""fit_mape"": 0.09768407687649976, ""fit_validation_mape"": 0.10855872739768961}]}"
U,B_deployed_identity_stage,deployed path: 0.5*in_id+0.5*out_id per block,83.2834157790209,120.37731378610867,-37.09389800708777,-0.3081469160625874,4.8540953871131265,-7.641773605349071,150.01896193037587,24.623948825553363,"{""compute"": {""to_float"": 0.80702233125, ""crop"": 4.2303317625, ""flip"": 0.41233286874999997}, ""blocks"": [{""first_operator_pipe"": 7, ""last_operator_pipe"": 7, ""input_identity_ms"": 13.617975718301276, ""output_identity_ms"": 46.790720385615714, ""charged_ms_per_record"": 30.204348051958494}, {""first_operator_pipe"": 6, ""last_operator_pipe"": 6, ""input_identity_ms"": 46.790720385615714, ""output_identity_ms"": 16.177961658242914, ""charged_ms_per_record"": 31.484341021929314}, {""first_operator_pipe"": 5, ""last_operator_pipe"": 5, ""input_identity_ms"": 16.177961658242914, ""output_identity_ms"": 16.112117827023294, ""charged_ms_per_record"": 16.145039742633102}], ""model"": ""cedar_identity_stage_real_objects""}"
P,B_deployed_identity_stage,deployed path: 0.5*in_id+0.5*out_id per block,36.4926953934052,51.44398074092654,-14.951285347521342,-0.29063235644256363,3.456859314665094,-4.325106689790136,74.42740733289004,44.67660989865605,"{""compute"": {""to_float"": 0.80702233125, ""crop"": 4.2303317625, ""flip"": 0.41233286874999997}, ""blocks"": [{""first_operator_pipe"": 7, ""last_operator_pipe"": 6, ""input_identity_ms"": 13.617975718301276, ""output_identity_ms"": 16.177961658242914, ""charged_ms_per_record"": 14.897968688272094}, {""first_operator_pipe"": 5, ""last_operator_pipe"": 5, ""input_identity_ms"": 16.177961658242914, ""output_identity_ms"": 16.112117827023294, ""charged_ms_per_record"": 16.145039742633102}], ""model"": ""cedar_identity_stage_real_objects""}"
F,B_deployed_identity_stage,deployed path: 0.5*in_id+0.5*out_id per block,20.314733735162285,27.797247094955917,-7.482513359793632,-0.2691818126533619,1.7935613358645703,-4.171874811399607,39.10837523678007,40.691540796054824,"{""compute"": {""to_float"": 0.80702233125, ""crop"": 4.2303317625, ""flip"": 0.41233286874999997}, ""blocks"": [{""first_operator_pipe"": 7, ""last_operator_pipe"": 5, ""input_identity_ms"": 13.617975718301276, ""output_identity_ms"": 16.112117827023294, ""charged_ms_per_record"": 14.865046772662286}], ""model"": ""cedar_identity_stage_real_objects""}"
U,B_fallback_byte_boundary,fallback branch: fixed+byte rule,82.65731099125296,120.37731378610867,-37.720002794855716,-0.3133481019677691,4.8540953871131265,-7.770758459958677,150.01896193037587,24.623948825553363,"{""compute"": {""to_float"": 0.80702233125, ""crop"": 4.2303317625, ""flip"": 0.41233286874999997}, ""boundaries"": [{""in_bytes_per_record"": 658367.3625, ""out_bytes_per_record"": 2632215.16875, ""total_bytes_per_batch"": 13162330.125, ""fixed_ms_per_record"": 1.3304937953001263, ""bytes_ms_per_record"": 29.86405881253286, ""fit_total_ms_per_record"": 31.194552607832986}, {""in_bytes_per_record"": 2632215.16875, ""out_bytes_per_record"": 714850.15, ""total_bytes_per_batch"": 13388261.275, ""fixed_ms_per_record"": 1.3304937953001263, ""bytes_ms_per_record"": 30.376674822548274, ""fit_total_ms_per_record"": 31.7071686178484}, {""in_bytes_per_record"": 714850.15, ""out_bytes_per_record"": 714850.1625, ""total_bytes_per_batch"": 5718801.25, ""fixed_ms_per_record"": 1.3304937953001263, ""bytes_ms_per_record"": 12.975409007771443, ""fit_total_ms_per_record"": 14.30590280307157}], ""deployed"": {""fixed_ms"": 5.321975181200505, ""throughput_bytes_per_sec"": 110185375.40078317, ""r_squared"": 0.998127814730275}}"
P,B_fallback_byte_boundary,fallback branch: fixed+byte rule,33.54887644518254,51.44398074092654,-17.895104295743998,-0.3478561347315693,3.456859314665094,-5.1766944115507645,74.42740733289004,44.67660989865605,"{""compute"": {""to_float"": 0.80702233125, ""crop"": 4.2303317625, ""flip"": 0.41233286874999997}, ""boundaries"": [{""in_bytes_per_record"": 658367.3625, ""out_bytes_per_record"": 714850.15, ""total_bytes_per_batch"": 5492870.050000001, ""fixed_ms_per_record"": 1.3304937953001263, ""bytes_ms_per_record"": 12.46279288431085, ""fit_total_ms_per_record"": 13.793286679610977}, {""in_bytes_per_record"": 714850.15, ""out_bytes_per_record"": 714850.1625, ""total_bytes_per_batch"": 5718801.25, ""fixed_ms_per_record"": 1.3304937953001263, ""bytes_ms_per_record"": 12.975409007771443, ""fit_total_ms_per_record"": 14.30590280307157}], ""deployed"": {""fixed_ms"": 5.321975181200505, ""throughput_bytes_per_sec"": 110185375.40078317, ""r_squared"": 0.998127814730275}}"
F,B_fallback_byte_boundary,fallback branch: fixed+byte rule,19.242973755556157,27.797247094955917,-8.55427333939976,-0.307738147960415,1.7935613358645703,-4.769434514641925,39.10837523678007,40.691540796054824,"{""compute"": {""to_float"": 0.80702233125, ""crop"": 4.2303317625, ""flip"": 0.41233286874999997}, ""boundaries"": [{""in_bytes_per_record"": 658367.3625, ""out_bytes_per_record"": 714850.1625, ""total_bytes_per_batch"": 5492870.1, ""fixed_ms_per_record"": 1.3304937953001263, ""bytes_ms_per_record"": 12.46279299775603, ""fit_total_ms_per_record"": 13.793286793056156}], ""deployed"": {""fixed_ms"": 5.321975181200505, ""throughput_bytes_per_sec"": 110185375.40078317, ""r_squared"": 0.998127814730275}}"
