organisation,repeat,operator,batches,ms_per_record
U,0,to_float,20,0.41408756249999995
U,0,crop,20,4.846195375000001
U,0,flip,20,0.2968538250000001
P,0,to_float,20,0.7182878750000001
P,0,crop,20,4.805365212500002
P,0,flip,20,0.29077584999999995
F,0,to_float,20,0.6447754874999999
F,0,crop,20,4.833950462500001
F,0,flip,20,0.2755845625000001
F,1,to_float,20,0.3789916874999999
F,1,crop,20,4.577169950000001
F,1,flip,20,0.264705325
P,1,to_float,20,0.5075863249999999
P,1,crop,20,4.703584637500001
P,1,flip,20,0.28842029999999996
U,1,to_float,20,0.41113127499999996
U,1,crop,20,4.492215775000002
U,1,flip,20,0.28717422500000006
