operator,group,model,class_scope,fit_scope,training_set,coefficients,constraint,reference_cell,reference_native_bytes,reference_mean_ms,train_cells,validation_cells,train_x_min,train_x_max,train_r2,train_mae_ms,train_mape,train_rmse_ms,val_mae_ms,val_mape,val_rmse_ms,val_max_abs_err_ms
blur,all,M1_byte_prop_anchored,shared,full,32 cells,"{""anchor_ms"": 6.9700696238084605, ""anchor_bytes"": 200704.0}",anchored at the frozen round-1 reference cell,blur:float32:1ch:t4,200704.0,6.9700696238084605,32,16,0.02040816326530612,15.673469387755102,-0.412657357743476,8.282729331156704,0.6624093776416559,15.690443182045055,8.124224597188766,0.6678928239464808,14.878729300714566,50.27656129496169
blur,all,M2_byte_affine,shared,full,32 cells,"{""k"": 1.4796949292282872e-05, ""b"": 6.317110858070506, ""feature"": ""native_bytes""}",non-negative scipy.optimize.nnls,blur:float32:1ch:t4,200704.0,6.9700696238084605,32,16,0.02040816326530612,15.673469387755102,0.4943276380758239,6.703809468320594,1.5010108189321456,9.387531371968182,6.427005277284042,1.4642387801620746,8.244937194746994,19.709636719335407
blur,all,M3_element_prop,shared,full,32 cells,"{""k"": 6.671954400391437e-05, ""feature"": ""elements""}",non-negative nnls_1d,blur:float32:1ch:t4,200704.0,6.9700696238084605,32,16,0.02040816326530612,15.673469387755102,0.7992024221834106,3.7592093896274528,0.35905896668492276,5.915562231722422,3.650106304837791,0.3549596023490887,5.362278905806851,13.949238818205183
blur,all,M4_element_affine,shared,full,32 cells,"{""k"": 5.999227578162437e-05, ""b"": 2.7887418075394024, ""feature"": ""elements""}",non-negative scipy.optimize.nnls,blur:float32:1ch:t4,200704.0,6.9700696238084605,32,16,0.02040816326530612,15.673469387755102,0.8273135658611013,3.786275438698393,0.6839494270250901,5.485874947769352,3.7275095635953273,0.6627465005937412,4.872485382876282,12.510686651952271
blur,all,M5_repr_element_affine,float32:1ch,full,8 cells,"{""k"": 0.00013466678561219823, ""b"": 0.2785611475520313, ""feature"": ""elements""}",non-negative scipy.optimize.nnls,blur:float32:1ch:t4,200704.0,6.9700696238084605,8,4,0.08163265306122448,5.224489795918367,0.9993885022055102,0.17840998731869395,0.036615621362223905,0.27540433513096174,0.7604943174328476,0.05274279654770641,1.2626231212694867,2.48343901710345
blur,all,M3_element_prop,float32:1ch,local_x_le_2,6 cells,"{""k"": 0.00013559578799942466, ""feature"": ""elements""}","non-negative nnls_1d, trained on x<=LOCAL_X_MAX only",blur:float32:1ch:t4,200704.0,6.9700696238084605,6,3,0.08163265306122448,1.653061224489796,0.9863995943152194,0.38191607734705274,0.14913176400009287,0.39430464634095197,0.2894181414126658,0.1271979661593746,0.2921763569667497,0.32563066197627055
blur,all,M4_element_affine,float32:1ch,local_x_le_2,6 cells,"{""k"": 0.0001253933047594883, ""b"": 0.5644481736848767, ""feature"": ""elements""}","non-negative scipy.optimize.nnls, trained on x<=LOCAL_X_MAX only",blur:float32:1ch:t4,200704.0,6.9700696238084605,6,3,0.08163265306122448,1.653061224489796,0.9971392420641138,0.17681255376659566,0.0678795871540384,0.18084084131730083,0.10289967018821404,0.05395902269890168,0.12502026582664966,0.17352161897301355
blur,all,M5_repr_element_affine,float32:3ch,full,8 cells,"{""k"": 5.681433838268747e-05, ""b"": 0.0, ""feature"": ""elements""}","non-negative scipy.optimize.nnls, intercept bound active",blur:float32:1ch:t4,200704.0,6.9700696238084605,8,4,0.24489795918367346,15.673469387755102,0.995453662637139,0.6730240625286477,0.09449259018978207,0.9588962955274678,0.47396609608510254,0.08328570633048779,0.5589897148446713,0.8443207215368744
blur,all,M3_element_prop,float32:3ch,local_x_le_2,3 cells,"{""k"": 6.133113026339709e-05, ""feature"": ""elements""}","non-negative nnls_1d, trained on x<=LOCAL_X_MAX only",blur:float32:1ch:t4,200704.0,6.9700696238084605,3,2,0.24489795918367346,1.239795918367347,0.9662418823046033,0.18890105723077832,0.13166141122275338,0.20341500179799998,0.2547425915154745,0.11450004668051494,0.2553488593242403,0.2723281545195624
blur,all,M4_element_affine,float32:3ch,local_x_le_2,3 cells,"{""k"": 5.303115461811937e-05, ""b"": 0.3888372590299702, ""feature"": ""elements""}","non-negative scipy.optimize.nnls, trained on x<=LOCAL_X_MAX only",blur:float32:1ch:t4,200704.0,6.9700696238084605,3,2,0.24489795918367346,1.239795918367347,0.9999447554702237,0.007573740318364812,0.004870399850086625,0.008228837915324654,0.01570329293147632,0.005387335623305039,0.017634563828867227,0.02372728399220403
blur,all,M5_repr_element_affine,uint8:1ch,full,8 cells,"{""k"": 0.00013461982517753545, ""b"": 0.2563765485471155, ""feature"": ""elements""}",non-negative scipy.optimize.nnls,blur:float32:1ch:t4,200704.0,6.9700696238084605,8,4,0.02040816326530612,1.3061224489795917,0.9991127161024081,0.27322498073310364,0.04799738606393712,0.33167526443061235,0.16301576909267212,0.03974977827369061,0.19691379922545477,0.34845268382640526
blur,all,M5_repr_element_affine,uint8:3ch,full,8 cells,"{""k"": 6.117212831941236e-05, ""b"": 0.0, ""feature"": ""elements""}","non-negative scipy.optimize.nnls, intercept bound active",blur:float32:1ch:t4,200704.0,6.9700696238084605,8,4,0.061224489795918366,3.9183673469387754,0.9956476053336961,0.8126966182388288,0.10214163399178679,1.0192119657871126,0.9099848419321002,0.10046710488749402,1.1827561855978552,1.8963042169770787
blur,all,M3_element_prop,uint8:3ch,local_x_le_2,6 cells,"{""k"": 5.567926011429826e-05, ""feature"": ""elements""}","non-negative nnls_1d, trained on x<=LOCAL_X_MAX only",blur:float32:1ch:t4,200704.0,6.9700696238084605,6,3,0.061224489795918366,1.239795918367347,0.9940781219834715,0.30651949283435903,0.126171293226098,0.3271966783958602,0.3562311891402136,0.12738714647964136,0.35895522598623236,0.40791925645371574
blur,all,M4_element_affine,uint8:3ch,local_x_le_2,6 cells,"{""k"": 5.2626081690113144e-05, ""b"": 0.5067475079163496, ""feature"": ""elements""}","non-negative scipy.optimize.nnls, trained on x<=LOCAL_X_MAX only",blur:float32:1ch:t4,200704.0,6.9700696238084605,6,3,0.061224489795918366,1.239795918367347,0.9995517936997566,0.07414734485257024,0.02320248087944321,0.09001567366915555,0.11172877868014479,0.02189803520428991,0.1317810155279066,0.20654778658360406
blur,1ch,M1_byte_prop_anchored,shared,full,16 cells,"{""anchor_ms"": 6.9700696238084605, ""anchor_bytes"": 200704.0}",anchored at the frozen round-1 reference cell,blur:float32:1ch:t4,200704.0,6.9700696238084605,16,8,0.02040816326530612,5.224489795918367,0.47093295637126464,4.1573675189786075,0.4385204455646544,8.099966170416971,4.351105664745093,0.44497365934622835,7.713692417357953,20.370048554158352
blur,1ch,M2_byte_affine,shared,full,16 cells,"{""k"": 3.227658750794248e-05, ""b"": 4.40579052453439, ""feature"": ""native_bytes""}",non-negative scipy.optimize.nnls,blur:float32:1ch:t4,200704.0,6.9700696238084605,16,8,0.02040816326530612,5.224489795918367,0.5992968910058927,4.797278068681477,1.1328129574746462,7.049189835387832,5.141105113086294,1.1430385789757485,6.790332431891097,16.456287434238334
blur,1ch,M3_element_prop,shared,full,16 cells,"{""k"": 0.00013625633987969429, ""feature"": ""elements""}",non-negative nnls_1d,blur:float32:1ch:t4,200704.0,6.9700696238084605,16,8,0.02040816326530612,5.224489795918367,0.9989392387146718,0.3318937596209368,0.1124566025679695,0.3626909180020566,0.5399632834473498,0.1097795806853972,0.9300248289478295,2.5239077692549436
blur,1ch,M4_element_affine,shared,full,16 cells,"{""k"": 0.00013464330539486688, ""b"": 0.2674688480495728, ""feature"": ""elements""}",non-negative scipy.optimize.nnls,blur:float32:1ch:t4,200704.0,6.9700696238084605,16,8,0.02040816326530612,5.224489795918367,0.9992492683122767,0.2260909932328057,0.04219975457084578,0.3051196826535013,0.4578038250023262,0.04612014762292252,0.8977143738337073,2.4676341440617158
blur,1ch,M5_repr_element_affine,float32:1ch,full,8 cells,"{""k"": 0.00013466678561219823, ""b"": 0.2785611475520313, ""feature"": ""elements""}",non-negative scipy.optimize.nnls,blur:float32:1ch:t4,200704.0,6.9700696238084605,8,4,0.08163265306122448,5.224489795918367,0.9993885022055102,0.17840998731869395,0.036615621362223905,0.27540433513096174,0.7604943174328476,0.05274279654770641,1.2626231212694867,2.48343901710345
blur,1ch,M3_element_prop,float32:1ch,local_x_le_2,6 cells,"{""k"": 0.00013559578799942466, ""feature"": ""elements""}","non-negative nnls_1d, trained on x<=LOCAL_X_MAX only",blur:float32:1ch:t4,200704.0,6.9700696238084605,6,3,0.08163265306122448,1.653061224489796,0.9863995943152194,0.38191607734705274,0.14913176400009287,0.39430464634095197,0.2894181414126658,0.1271979661593746,0.2921763569667497,0.32563066197627055
blur,1ch,M4_element_affine,float32:1ch,local_x_le_2,6 cells,"{""k"": 0.0001253933047594883, ""b"": 0.5644481736848767, ""feature"": ""elements""}","non-negative scipy.optimize.nnls, trained on x<=LOCAL_X_MAX only",blur:float32:1ch:t4,200704.0,6.9700696238084605,6,3,0.08163265306122448,1.653061224489796,0.9971392420641138,0.17681255376659566,0.0678795871540384,0.18084084131730083,0.10289967018821404,0.05395902269890168,0.12502026582664966,0.17352161897301355
blur,1ch,M5_repr_element_affine,uint8:1ch,full,8 cells,"{""k"": 0.00013461982517753545, ""b"": 0.2563765485471155, ""feature"": ""elements""}",non-negative scipy.optimize.nnls,blur:float32:1ch:t4,200704.0,6.9700696238084605,8,4,0.02040816326530612,1.3061224489795917,0.9991127161024081,0.27322498073310364,0.04799738606393712,0.33167526443061235,0.16301576909267212,0.03974977827369061,0.19691379922545477,0.34845268382640526
blur,3ch,M1_byte_prop_anchored,shared,full,16 cells,"{""anchor_ms"": 6.9700696238084605, ""anchor_bytes"": 200704.0}",anchored at the frozen round-1 reference cell,blur:float32:1ch:t4,200704.0,6.9700696238084605,16,8,0.061224489795918366,15.673469387755102,-0.934270111340008,12.408091143334799,0.8862983097186573,20.658425945266714,11.897343529632437,0.8908119885467332,19.576826108904342,50.27656129496169
blur,3ch,M2_byte_affine,shared,full,16 cells,"{""k"": 1.371528318364053e-05, ""b"": 5.498796646351499, ""feature"": ""native_bytes""}",non-negative scipy.optimize.nnls,blur:float32:1ch:t4,200704.0,6.9700696238084605,16,8,0.061224489795918366,15.673469387755102,0.5473904729696493,6.600456914615384,1.2524929208739168,9.993106428321472,6.397230871025943,1.2092560653523128,8.59344785916526,21.17923507506127
blur,3ch,M3_element_prop,shared,full,16 cells,"{""k"": 5.899323335104993e-05, ""feature"": ""elements""}",non-negative nnls_1d,blur:float32:1ch:t4,200704.0,6.9700696238084605,16,8,0.061224489795918366,15.673469387755102,0.9930990950909725,0.7709510865273006,0.09765108699460917,1.2339333114798885,0.6998804995526084,0.09373071280435483,0.954210030165956,2.1562595287275315
blur,3ch,M4_element_affine,shared,full,16 cells,"{""k"": 5.899323335104994e-05, ""b"": 0.0, ""feature"": ""elements""}","non-negative scipy.optimize.nnls, intercept bound active",blur:float32:1ch:t4,200704.0,6.9700696238084605,16,8,0.061224489795918366,15.673469387755102,0.9930990950909726,0.7709510865273015,0.0976510869946092,1.2339333114798885,0.6998804995526106,0.09373071280435488,0.9542100301659588,2.1562595287275386
blur,3ch,M5_repr_element_affine,float32:3ch,full,8 cells,"{""k"": 5.681433838268747e-05, ""b"": 0.0, ""feature"": ""elements""}","non-negative scipy.optimize.nnls, intercept bound active",blur:float32:1ch:t4,200704.0,6.9700696238084605,8,4,0.24489795918367346,15.673469387755102,0.995453662637139,0.6730240625286477,0.09449259018978207,0.9588962955274678,0.47396609608510254,0.08328570633048779,0.5589897148446713,0.8443207215368744
blur,3ch,M3_element_prop,float32:3ch,local_x_le_2,3 cells,"{""k"": 6.133113026339709e-05, ""feature"": ""elements""}","non-negative nnls_1d, trained on x<=LOCAL_X_MAX only",blur:float32:1ch:t4,200704.0,6.9700696238084605,3,2,0.24489795918367346,1.239795918367347,0.9662418823046033,0.18890105723077832,0.13166141122275338,0.20341500179799998,0.2547425915154745,0.11450004668051494,0.2553488593242403,0.2723281545195624
blur,3ch,M4_element_affine,float32:3ch,local_x_le_2,3 cells,"{""k"": 5.303115461811937e-05, ""b"": 0.3888372590299702, ""feature"": ""elements""}","non-negative scipy.optimize.nnls, trained on x<=LOCAL_X_MAX only",blur:float32:1ch:t4,200704.0,6.9700696238084605,3,2,0.24489795918367346,1.239795918367347,0.9999447554702237,0.007573740318364812,0.004870399850086625,0.008228837915324654,0.01570329293147632,0.005387335623305039,0.017634563828867227,0.02372728399220403
blur,3ch,M5_repr_element_affine,uint8:3ch,full,8 cells,"{""k"": 6.117212831941236e-05, ""b"": 0.0, ""feature"": ""elements""}","non-negative scipy.optimize.nnls, intercept bound active",blur:float32:1ch:t4,200704.0,6.9700696238084605,8,4,0.061224489795918366,3.9183673469387754,0.9956476053336961,0.8126966182388288,0.10214163399178679,1.0192119657871126,0.9099848419321002,0.10046710488749402,1.1827561855978552,1.8963042169770787
blur,3ch,M3_element_prop,uint8:3ch,local_x_le_2,6 cells,"{""k"": 5.567926011429826e-05, ""feature"": ""elements""}","non-negative nnls_1d, trained on x<=LOCAL_X_MAX only",blur:float32:1ch:t4,200704.0,6.9700696238084605,6,3,0.061224489795918366,1.239795918367347,0.9940781219834715,0.30651949283435903,0.126171293226098,0.3271966783958602,0.3562311891402136,0.12738714647964136,0.35895522598623236,0.40791925645371574
blur,3ch,M4_element_affine,uint8:3ch,local_x_le_2,6 cells,"{""k"": 5.2626081690113144e-05, ""b"": 0.5067475079163496, ""feature"": ""elements""}","non-negative scipy.optimize.nnls, trained on x<=LOCAL_X_MAX only",blur:float32:1ch:t4,200704.0,6.9700696238084605,6,3,0.061224489795918366,1.239795918367347,0.9995517936997566,0.07414734485257024,0.02320248087944321,0.09001567366915555,0.11172877868014479,0.02189803520428991,0.1317810155279066,0.20654778658360406
jitter,all,M1_byte_prop_anchored,shared,full,36 cells,"{""anchor_ms"": 7.112025030723282, ""anchor_bytes"": 602112.0}",anchored at the frozen round-1 reference cell,jitter:float32:3ch:t4,602112.0,7.112025030723282,36,20,0.006802721088435374,5.224489795918367,0.40296645620036453,4.667151500408047,1.4335993277573318,10.758093613922936,4.561515770423828,1.379530785382611,9.196515808196267,36.22284871349167
jitter,all,M2_byte_affine,shared,full,36 cells,"{""k"": 1.5262743075416994e-05, ""b"": 0.9605577457696258, ""feature"": ""native_bytes""}",non-negative scipy.optimize.nnls,jitter:float32:3ch:t4,602112.0,7.112025030723282,36,20,0.006802721088435374,5.224489795918367,0.45678275641020405,5.257752041322156,2.7915578054060015,10.261780638214859,5.31580322578416,2.6859181963916043,8.887765688760783,33.18443523981985
jitter,all,M3_element_prop,shared,full,36 cells,"{""k"": 3.0246793618755085e-05, ""feature"": ""elements""}",non-negative nnls_1d,jitter:float32:3ch:t4,602112.0,7.112025030723282,36,20,0.006802721088435374,5.224489795918367,0.3618396718765865,6.169500976084937,1.6424080264366299,11.122460039782997,7.465353935813586,1.8310636681793049,11.647399874225755,25.98015630939387
jitter,all,M4_element_affine,shared,full,36 cells,"{""k"": 2.8330949873786917e-05, ""b"": 1.190365911323003, ""feature"": ""elements""}",non-negative scipy.optimize.nnls,jitter:float32:3ch:t4,602112.0,7.112025030723282,36,20,0.006802721088435374,5.224489795918367,0.36654565002287254,6.250959709477062,2.622266387724753,11.081374041985562,7.491472974852746,2.709987636328747,11.507166156034843,25.086102942486363
jitter,all,M5_repr_element_affine,float32:1ch,full,8 cells,"{""k"": 3.8510561277683275e-06, ""b"": 0.21935833083204126, ""feature"": ""elements""}",non-negative scipy.optimize.nnls,jitter:float32:3ch:t4,602112.0,7.112025030723282,8,4,0.027210884353741496,1.7414965986394557,0.9860707307647526,0.03181987372161374,0.06713875366141708,0.03784164313827046,0.03636223442958354,0.07397350464371705,0.04344289451667811,0.06975655471619169
jitter,all,M5_repr_element_affine,float32:3ch,full,8 cells,"{""k"": 6.257938441519068e-05, ""b"": 0.0, ""feature"": ""elements""}","non-negative scipy.optimize.nnls, intercept bound active",jitter:float32:3ch:t4,602112.0,7.112025030723282,8,4,0.08163265306122448,5.224489795918367,0.9819874080325125,1.862082801989288,0.2355752048705954,2.1955816752266926,1.935933717268348,0.2271720347658974,2.314640465440232,3.5552516161046555
jitter,all,M3_element_prop,float32:3ch,local_x_le_2,6 cells,"{""k"": 4.885995369400764e-05, ""feature"": ""elements""}","non-negative nnls_1d, trained on x<=LOCAL_X_MAX only",jitter:float32:3ch:t4,602112.0,7.112025030723282,6,3,0.08163265306122448,1.653061224489796,0.9829846170591497,0.3361287371703851,0.17099353310742135,0.47296016978551375,0.368830561791893,0.1751571505541869,0.4875639579541428,0.8149566769669282
jitter,all,M4_element_affine,float32:3ch,local_x_le_2,6 cells,"{""k"": 4.480348297016343e-05, ""b"": 0.6732677048811267, ""feature"": ""elements""}","non-negative scipy.optimize.nnls, trained on x<=LOCAL_X_MAX only",jitter:float32:3ch:t4,602112.0,7.112025030723282,6,3,0.08163265306122448,1.653061224489796,0.9962714653336061,0.21360030999733462,0.06703583481926562,0.22139754312935567,0.13801194868572844,0.05638887783005873,0.15783346169785947,0.21957320998361007
jitter,all,M5_repr_element_affine,uint8:1ch,full,12 cells,"{""k"": 7.900591763110741e-06, ""b"": 0.0, ""feature"": ""elements""}","non-negative scipy.optimize.nnls, intercept bound active",jitter:float32:3ch:t4,602112.0,7.112025030723282,12,8,0.006802721088435374,2.0022919323979593,0.9414304045464961,0.5281056605268574,0.34583760508068484,0.7891377676795293,0.5074485649203018,0.29959118219166625,0.6354646713220591,1.2509769645256412
jitter,all,M3_element_prop,uint8:1ch,local_x_le_2,11 cells,"{""k"": 8.804006389035343e-06, ""feature"": ""elements""}","non-negative nnls_1d, trained on x<=LOCAL_X_MAX only",jitter:float32:3ch:t4,602112.0,7.112025030723282,11,8,0.006802721088435374,1.7414965986394557,0.9456192409542622,0.4800189715708487,0.3958153874262484,0.6622523816569595,0.6063636081793572,0.34706995522569806,0.8539884716135762,1.876342250541673
jitter,all,M4_element_affine,uint8:1ch,local_x_le_2,11 cells,"{""k"": 8.804006389035343e-06, ""b"": 0.0, ""feature"": ""elements""}","non-negative scipy.optimize.nnls, trained on x<=LOCAL_X_MAX only",jitter:float32:3ch:t4,602112.0,7.112025030723282,11,8,0.006802721088435374,1.7414965986394557,0.9456192409542622,0.4800189715708487,0.3958153874262484,0.6622523816569595,0.6063636081793572,0.34706995522569806,0.8539884716135762,1.876342250541673
jitter,all,M5_repr_element_affine,uint8:3ch,full,8 cells,"{""k"": 7.431810495652989e-05, ""b"": 0.0, ""feature"": ""elements""}","non-negative scipy.optimize.nnls, intercept bound active",jitter:float32:3ch:t4,602112.0,7.112025030723282,8,4,0.02040816326530612,1.3061224489795917,0.9679518499714387,2.891399036963908,0.274036580946431,3.550108866168355,1.7762385634547446,0.23477947707939417,2.198782187422455,3.9217116739429123
jitter,1ch,M1_byte_prop_anchored,shared,full,20 cells,"{""anchor_ms"": 7.112025030723282, ""anchor_bytes"": 602112.0}",anchored at the frozen round-1 reference cell,jitter:float32:3ch:t4,602112.0,7.112025030723282,20,12,0.006802721088435374,2.0022919323979593,-0.6114760644650472,2.0447899550342004,2.1716230825713767,3.4202128152826545,2.2783896197330002,1.9501177213507281,3.2950661307345523,8.56017589578091
jitter,1ch,M2_byte_affine,shared,full,20 cells,"{""k"": 5.5848427167883e-06, ""b"": 0.0, ""feature"": ""native_bytes""}","non-negative scipy.optimize.nnls, intercept bound active",jitter:float32:3ch:t4,602112.0,7.112025030723282,20,12,0.006802721088435374,2.0022919323979593,0.6290796000132703,0.9106288617456567,0.9486916705455158,1.6408979030662163,1.0146837844951253,0.8494241606213427,1.641177463381807,3.561076945337652
jitter,1ch,M3_element_prop,shared,full,20 cells,"{""k"": 7.811630802022713e-06, ""feature"": ""elements""}",non-negative nnls_1d,jitter:float32:3ch:t4,602112.0,7.112025030723282,20,12,0.006802721088435374,2.0022919323979593,0.9419832099400006,0.41235749893973717,0.39644282411171977,0.6489601787344041,0.43440488733463534,0.3727664432618211,0.556991308947384,1.1893960521974423
jitter,1ch,M4_element_affine,shared,full,20 cells,"{""k"": 7.811630802022714e-06, ""b"": 0.0, ""feature"": ""elements""}","non-negative scipy.optimize.nnls, intercept bound active",jitter:float32:3ch:t4,602112.0,7.112025030723282,20,12,0.006802721088435374,2.0022919323979593,0.9419832099400006,0.4123574989397373,0.3964428241117198,0.6489601787344041,0.4344048873346353,0.3727664432618211,0.5569913089473841,1.1893960521974432
jitter,1ch,M5_repr_element_affine,float32:1ch,full,8 cells,"{""k"": 3.8510561277683275e-06, ""b"": 0.21935833083204126, ""feature"": ""elements""}",non-negative scipy.optimize.nnls,jitter:float32:3ch:t4,602112.0,7.112025030723282,8,4,0.027210884353741496,1.7414965986394557,0.9860707307647526,0.03181987372161374,0.06713875366141708,0.03784164313827046,0.03636223442958354,0.07397350464371705,0.04344289451667811,0.06975655471619169
jitter,1ch,M5_repr_element_affine,uint8:1ch,full,12 cells,"{""k"": 7.900591763110741e-06, ""b"": 0.0, ""feature"": ""elements""}","non-negative scipy.optimize.nnls, intercept bound active",jitter:float32:3ch:t4,602112.0,7.112025030723282,12,8,0.006802721088435374,2.0022919323979593,0.9414304045464961,0.5281056605268574,0.34583760508068484,0.7891377676795293,0.5074485649203018,0.29959118219166625,0.6354646713220591,1.2509769645256412
jitter,1ch,M3_element_prop,uint8:1ch,local_x_le_2,11 cells,"{""k"": 8.804006389035343e-06, ""feature"": ""elements""}","non-negative nnls_1d, trained on x<=LOCAL_X_MAX only",jitter:float32:3ch:t4,602112.0,7.112025030723282,11,8,0.006802721088435374,1.7414965986394557,0.9456192409542622,0.4800189715708487,0.3958153874262484,0.6622523816569595,0.6063636081793572,0.34706995522569806,0.8539884716135762,1.876342250541673
jitter,1ch,M4_element_affine,uint8:1ch,local_x_le_2,11 cells,"{""k"": 8.804006389035343e-06, ""b"": 0.0, ""feature"": ""elements""}","non-negative scipy.optimize.nnls, trained on x<=LOCAL_X_MAX only",jitter:float32:3ch:t4,602112.0,7.112025030723282,11,8,0.006802721088435374,1.7414965986394557,0.9456192409542622,0.4800189715708487,0.3958153874262484,0.6622523816569595,0.6063636081793572,0.34706995522569806,0.8539884716135762,1.876342250541673
jitter,3ch,M1_byte_prop_anchored,shared,full,16 cells,"{""anchor_ms"": 7.112025030723282, ""anchor_bytes"": 602112.0}",anchored at the frozen round-1 reference cell,jitter:float32:3ch:t4,602112.0,7.112025030723282,16,8,0.02040816326530612,5.224489795918367,0.2590105929731713,7.945103432125354,0.5110696342397758,15.677531098232967,7.986204996460071,0.5236503814304354,13.96973751783256,36.22284871349167
jitter,3ch,M2_byte_affine,shared,full,16 cells,"{""k"": 1.5732112164320984e-05, ""b"": 5.6898248257962045, ""feature"": ""native_bytes""}",non-negative scipy.optimize.nnls,jitter:float32:3ch:t4,602112.0,7.112025030723282,16,8,0.02040816326530612,5.224489795918367,0.4790664269659779,8.106346553335015,1.1455343906343625,13.145068240554759,7.415733218769307,1.145336369194854,11.004551895836121,28.17255539893511
jitter,3ch,M3_element_prop,shared,full,16 cells,"{""k"": 6.844874468586028e-05, ""feature"": ""elements""}",non-negative nnls_1d,jitter:float32:3ch:t4,602112.0,7.112025030723282,16,8,0.02040816326530612,5.224489795918367,0.9618468644554825,2.5425001541064325,0.2600409577017384,3.5574334873096856,1.5028488735187526,0.2248504894577446,1.9573346547845891,3.940049289146195
jitter,3ch,M4_element_affine,shared,full,16 cells,"{""k"": 6.844874468586029e-05, ""b"": 0.0, ""feature"": ""elements""}","non-negative scipy.optimize.nnls, intercept bound active",jitter:float32:3ch:t4,602112.0,7.112025030723282,16,8,0.02040816326530612,5.224489795918367,0.9618468644554825,2.5425001541064347,0.2600409577017386,3.5574334873096864,1.5028488735187517,0.22485048945774466,1.9573346547845891,3.940049289146197
jitter,3ch,M5_repr_element_affine,float32:3ch,full,8 cells,"{""k"": 6.257938441519068e-05, ""b"": 0.0, ""feature"": ""elements""}","non-negative scipy.optimize.nnls, intercept bound active",jitter:float32:3ch:t4,602112.0,7.112025030723282,8,4,0.08163265306122448,5.224489795918367,0.9819874080325125,1.862082801989288,0.2355752048705954,2.1955816752266926,1.935933717268348,0.2271720347658974,2.314640465440232,3.5552516161046555
jitter,3ch,M3_element_prop,float32:3ch,local_x_le_2,6 cells,"{""k"": 4.885995369400764e-05, ""feature"": ""elements""}","non-negative nnls_1d, trained on x<=LOCAL_X_MAX only",jitter:float32:3ch:t4,602112.0,7.112025030723282,6,3,0.08163265306122448,1.653061224489796,0.9829846170591497,0.3361287371703851,0.17099353310742135,0.47296016978551375,0.368830561791893,0.1751571505541869,0.4875639579541428,0.8149566769669282
jitter,3ch,M4_element_affine,float32:3ch,local_x_le_2,6 cells,"{""k"": 4.480348297016343e-05, ""b"": 0.6732677048811267, ""feature"": ""elements""}","non-negative scipy.optimize.nnls, trained on x<=LOCAL_X_MAX only",jitter:float32:3ch:t4,602112.0,7.112025030723282,6,3,0.08163265306122448,1.653061224489796,0.9962714653336061,0.21360030999733462,0.06703583481926562,0.22139754312935567,0.13801194868572844,0.05638887783005873,0.15783346169785947,0.21957320998361007
jitter,3ch,M5_repr_element_affine,uint8:3ch,full,8 cells,"{""k"": 7.431810495652989e-05, ""b"": 0.0, ""feature"": ""elements""}","non-negative scipy.optimize.nnls, intercept bound active",jitter:float32:3ch:t4,602112.0,7.112025030723282,8,4,0.02040816326530612,1.3061224489795917,0.9679518499714387,2.891399036963908,0.274036580946431,3.550108866168355,1.7762385634547446,0.23477947707939417,2.198782187422455,3.9217116739429123
crop,all,M1_byte_prop_anchored,shared,full,36 cells,"{""anchor_ms"": 1.7531356293087204, ""anchor_bytes"": 1769472.0}",anchored at the frozen round-1 reference cell,crop:float32:3ch:t6,1769472.0,1.7531356293087204,36,20,0.005208333333333333,1.3611111111111112,-1.9944734539038453,0.792260565168788,0.6844011006261118,0.9675315771102657,0.7026041832823894,0.6084837390840158,0.8933951012073197,1.7044681902721264
crop,all,M2_byte_affine,shared,full,36 cells,"{""k"": 3.6290404436197244e-07, ""b"": 0.9956427898299818, ""feature"": ""native_bytes""}",non-negative scipy.optimize.nnls,crop:float32:3ch:t6,1769472.0,1.7531356293087204,36,20,0.005208333333333333,1.3611111111111112,0.10898063705066685,0.49198621791735714,0.5274994146980843,0.527774599843032,0.4728303008739617,0.507669126263867,0.5078367510812384,0.8592543023094317
crop,all,M3_element_prop,shared,full,36 cells,"{""k"": 2.944280400436703e-06, ""feature"": ""elements""}",non-negative nnls_1d,crop:float32:3ch:t6,1769472.0,1.7531356293087204,36,20,0.005208333333333333,1.3611111111111112,-1.7281823771741198,0.7612000827404606,0.692712490077222,0.9235100241674624,0.8036503166666632,0.7585076219322227,0.9612791333250355,1.8955093344067468
crop,all,M4_element_affine,shared,full,36 cells,"{""k"": 6.818062259343018e-07, ""b"": 1.0058376146261931, ""feature"": ""elements""}",non-negative scipy.optimize.nnls,crop:float32:3ch:t6,1769472.0,1.7531356293087204,36,20,0.005208333333333333,1.3611111111111112,0.07253970213324268,0.525737135932002,0.5562783356232619,0.5384589227799905,0.532238370759478,0.5649516879088617,0.5442755663150693,0.7102574122568373
crop,all,M5_repr_element_affine,float32:1ch,full,8 cells,"{""k"": 1.7874683397268164e-08, ""b"": 0.5683583966122064, ""feature"": ""elements""}",non-negative scipy.optimize.nnls,crop:float32:3ch:t6,1769472.0,1.7531356293087204,8,4,0.020833333333333332,0.4537037037037037,0.023361725298879032,0.0049423955478793,0.008752203819572809,0.007484083282878336,0.017903071466409043,0.029937527399309414,0.022688255438325075,0.03290768651694054
crop,all,M5_repr_element_affine,float32:3ch,full,8 cells,"{""k"": 4.665959935374416e-07, ""b"": 1.548059883152807, ""feature"": ""elements""}",non-negative scipy.optimize.nnls,crop:float32:3ch:t6,1769472.0,1.7531356293087204,8,4,0.0625,1.3611111111111112,0.9963368964506465,0.004534059271339791,0.002710944324310722,0.005496289388201327,0.012459902090548092,0.0078120234053685456,0.01536479338971718,0.026760168517551586
crop,all,M5_repr_element_affine,uint8:1ch,full,12 cells,"{""k"": 2.575860495056445e-07, ""b"": 0.6437804039856319, ""feature"": ""elements""}",non-negative scipy.optimize.nnls,crop:float32:3ch:t6,1769472.0,1.7531356293087204,12,8,0.005208333333333333,0.5208333333333334,0.9813614706483625,0.008707246980000713,0.011995093110926674,0.010068599619538996,0.014833238210111607,0.01711774136596645,0.02732854413920236,0.0727037628053927
crop,all,M5_repr_element_affine,uint8:3ch,full,8 cells,"{""k"": 6.083695345334718e-07, ""b"": 1.7119197490021885, ""feature"": ""elements""}",non-negative scipy.optimize.nnls,crop:float32:3ch:t6,1769472.0,1.7531356293087204,8,4,0.015625,0.3402777777777778,0.9951040332960438,0.007039850709784884,0.0038471292850583497,0.00829009556077582,0.019719338336691872,0.010732708183591521,0.021883413368296068,0.032411853116241396
crop,1ch,M1_byte_prop_anchored,shared,full,20 cells,"{""anchor_ms"": 1.7531356293087204, ""anchor_bytes"": 1769472.0}",anchored at the frozen round-1 reference cell,crop:float32:3ch:t6,1769472.0,1.7531356293087204,20,12,0.005208333333333333,0.5208333333333334,-26.649341531753986,0.41727996275859586,0.6551691881592044,0.46155545040561446,0.3541698114991705,0.5472655188979791,0.4147877061548623,0.636767823219953
crop,1ch,M2_byte_affine,shared,full,20 cells,"{""k"": 1.3812506263852955e-07, ""b"": 0.6146059081884399, ""feature"": ""native_bytes""}",non-negative scipy.optimize.nnls,crop:float32:3ch:t6,1769472.0,1.7531356293087204,20,12,0.005208333333333333,0.5208333333333334,0.18832740771188516,0.06929794752633511,0.10762197530397052,0.07908095913077375,0.08009119020088927,0.11032959706203434,0.09543394415302034,0.2180177521908464
crop,1ch,M3_element_prop,shared,full,20 cells,"{""k"": 1.5124254805921123e-06, ""feature"": ""elements""}",non-negative nnls_1d,crop:float32:3ch:t6,1769472.0,1.7531356293087204,20,12,0.005208333333333333,0.5208333333333334,-29.32828511294544,0.4624970715671008,0.7297861991426076,0.4833986290546393,0.43213581539756446,0.6511639573842832,0.45879986289786645,0.63022414749316
crop,1ch,M4_element_affine,shared,full,20 cells,"{""k"": 3.1561976908510725e-07, ""b"": 0.5962886894695643, ""feature"": ""elements""}",non-negative scipy.optimize.nnls,crop:float32:3ch:t6,1769472.0,1.7531356293087204,20,12,0.005208333333333333,0.5208333333333334,0.7288696366268607,0.04257280234478751,0.06806652382975131,0.045705721115482004,0.03530492850444988,0.052452473688695454,0.03922702768236646,0.06377532728118496
crop,1ch,M5_repr_element_affine,float32:1ch,full,8 cells,"{""k"": 1.7874683397268164e-08, ""b"": 0.5683583966122064, ""feature"": ""elements""}",non-negative scipy.optimize.nnls,crop:float32:3ch:t6,1769472.0,1.7531356293087204,8,4,0.020833333333333332,0.4537037037037037,0.023361725298879032,0.0049423955478793,0.008752203819572809,0.007484083282878336,0.017903071466409043,0.029937527399309414,0.022688255438325075,0.03290768651694054
crop,1ch,M5_repr_element_affine,uint8:1ch,full,12 cells,"{""k"": 2.575860495056445e-07, ""b"": 0.6437804039856319, ""feature"": ""elements""}",non-negative scipy.optimize.nnls,crop:float32:3ch:t6,1769472.0,1.7531356293087204,12,8,0.005208333333333333,0.5208333333333334,0.9813614706483625,0.008707246980000713,0.011995093110926674,0.010068599619538996,0.014833238210111607,0.01711774136596645,0.02732854413920236,0.0727037628053927
crop,3ch,M1_byte_prop_anchored,shared,full,16 cells,"{""anchor_ms"": 1.7531356293087204, ""anchor_bytes"": 1769472.0}",anchored at the frozen round-1 reference cell,crop:float32:3ch:t6,1769472.0,1.7531356293087204,16,8,0.015625,1.3611111111111112,-87.69861207361441,1.2609863181815282,0.7209409912097462,1.356455768294128,1.2252557409572176,0.7003110693630707,1.3180719841447486,1.7044681902721264
crop,3ch,M2_byte_affine,shared,full,16 cells,"{""k"": 3.0711169429227005e-08, ""b"": 1.7343671047326565, ""feature"": ""native_bytes""}",non-negative scipy.optimize.nnls,crop:float32:3ch:t6,1769472.0,1.7531356293087204,16,8,0.015625,1.3611111111111112,0.01983690082805334,0.11026659302794979,0.0625200379039173,0.14259240657447467,0.11115544671991659,0.0633889470176123,0.14491265507162782,0.29299389789984054
crop,3ch,M3_element_prop,shared,full,16 cells,"{""k"": 4.6835298267866595e-06, ""feature"": ""elements""}",non-negative nnls_1d,crop:float32:3ch:t6,1769472.0,1.7531356293087204,16,8,0.015625,1.3611111111111112,-53.743883163759776,0.9565412063638989,0.5597491866058327,1.0656510683737461,0.8883557519090616,0.5210096744817962,0.9702945206458512,1.5655021643357545
crop,3ch,M4_element_affine,shared,full,16 cells,"{""k"": 5.374827640354566e-07, ""b"": 1.6299898160774975, ""feature"": ""elements""}",non-negative scipy.optimize.nnls,crop:float32:3ch:t6,1769472.0,1.7531356293087204,16,8,0.015625,1.3611111111111112,0.5255920935295313,0.09799003964872101,0.05585362880096538,0.09920262948662048,0.10014364980937293,0.0575131703923229,0.10277646025213741,0.1342715913264727
crop,3ch,M5_repr_element_affine,float32:3ch,full,8 cells,"{""k"": 4.665959935374416e-07, ""b"": 1.548059883152807, ""feature"": ""elements""}",non-negative scipy.optimize.nnls,crop:float32:3ch:t6,1769472.0,1.7531356293087204,8,4,0.0625,1.3611111111111112,0.9963368964506465,0.004534059271339791,0.002710944324310722,0.005496289388201327,0.012459902090548092,0.0078120234053685456,0.01536479338971718,0.026760168517551586
crop,3ch,M5_repr_element_affine,uint8:3ch,full,8 cells,"{""k"": 6.083695345334718e-07, ""b"": 1.7119197490021885, ""feature"": ""elements""}",non-negative scipy.optimize.nnls,crop:float32:3ch:t6,1769472.0,1.7531356293087204,8,4,0.015625,0.3402777777777778,0.9951040332960438,0.007039850709784884,0.0038471292850583497,0.00829009556077582,0.019719338336691872,0.010732708183591521,0.021883413368296068,0.032411853116241396
grayscale,all,M1_byte_prop_anchored,shared,full,32 cells,"{""anchor_ms"": 0.16739138246824345, ""anchor_bytes"": 602112.0}",anchored at the frozen round-1 reference cell,grayscale:float32:3ch:t4,602112.0,0.16739138246824345,32,16,0.006802721088435374,6.965986394557823,0.19154513001992812,0.12989383996125758,0.6558327341126735,0.21323068199627368,0.10925544939076513,0.6306755029131348,0.18088249526611044,0.5957549391314387
grayscale,all,M2_byte_affine,shared,full,32 cells,"{""k"": 1.604505444985817e-07, ""b"": 0.10983888145774462, ""feature"": ""native_bytes""}",non-negative scipy.optimize.nnls,grayscale:float32:3ch:t4,602112.0,0.16739138246824345,32,16,0.006802721088435374,6.965986394557823,0.44711351225798535,0.11351398721109712,1.0209941728600178,0.17633551611072945,0.10645979844869935,1.1584765234281442,0.1630581069443923,0.5566982418928076
grayscale,all,M3_element_prop,shared,full,32 cells,"{""k"": 6.512954185260391e-07, ""feature"": ""elements""}",non-negative nnls_1d,grayscale:float32:3ch:t4,602112.0,0.16739138246824345,32,16,0.006802721088435374,6.965986394557823,0.42453568415538445,0.12454940965010228,0.8432685687627021,0.17989993418426176,0.10090188943519506,0.7795226328234166,0.14019780146159172,0.37099353456013173
grayscale,all,M4_element_affine,shared,full,32 cells,"{""k"": 5.321522563993313e-07, ""b"": 0.07405728180223575, ""feature"": ""elements""}",non-negative scipy.optimize.nnls,grayscale:float32:3ch:t4,602112.0,0.16739138246824345,32,16,0.006802721088435374,6.965986394557823,0.47921070657322695,0.11286581899038761,1.0204239471035463,0.17114051275594272,0.09464718408103756,1.017583466846453,0.1354128802480073,0.3686737803923323
grayscale,all,M5_repr_element_affine,float32:1ch,full,8 cells,"{""k"": 5.840113191099413e-07, ""b"": 0.012367723458259565, ""feature"": ""elements""}",non-negative scipy.optimize.nnls,grayscale:float32:3ch:t4,602112.0,0.16739138246824345,8,4,0.027210884353741496,6.965986394557823,0.9959953428234456,0.009760274733276002,0.171505695644647,0.013099397989895109,0.011349475680177277,0.22311220251095826,0.01448520943492475,0.024218731353594494
grayscale,all,M3_element_prop,float32:1ch,local_x_le_2,5 cells,"{""k"": 5.522042094363727e-07, ""feature"": ""elements""}","non-negative nnls_1d, trained on x<=LOCAL_X_MAX only",grayscale:float32:3ch:t4,602112.0,0.16739138246824345,5,3,0.027210884353741496,1.3333333333333333,0.43132845910547957,0.0169574547113032,0.43333954754333376,0.019144894857219402,0.017421633357709604,0.46646430502829594,0.01938578178268828,0.027981589508578826
grayscale,all,M4_element_affine,float32:1ch,local_x_le_2,5 cells,"{""k"": 3.566205008964385e-07, ""b"": 0.027793753818578966, ""feature"": ""elements""}","non-negative scipy.optimize.nnls, trained on x<=LOCAL_X_MAX only",grayscale:float32:3ch:t4,602112.0,0.16739138246824345,5,3,0.027210884353741496,1.3333333333333333,0.9920593141955453,0.002003158096349717,0.04091825402165616,0.0022623054639300776,0.0038554201750165226,0.07829094500242839,0.004216264268737503,0.0061146212234236275
grayscale,all,M5_repr_element_affine,float32:3ch,full,8 cells,"{""k"": 9.642137419498553e-07, ""b"": 0.06759371479239146, ""feature"": ""elements""}",non-negative scipy.optimize.nnls,grayscale:float32:3ch:t4,602112.0,0.16739138246824345,8,4,0.08163265306122448,5.224489795918367,0.9924290652951635,0.017328331480177674,0.11071927601755724,0.02088813132858119,0.029574786386148102,0.12599389060594862,0.03444535807269786,0.05163969055009909
grayscale,all,M3_element_prop,float32:3ch,local_x_le_2,6 cells,"{""k"": 1.29725332568191e-06, ""feature"": ""elements""}","non-negative nnls_1d, trained on x<=LOCAL_X_MAX only",grayscale:float32:3ch:t4,602112.0,0.16739138246824345,6,3,0.08163265306122448,1.653061224489796,0.2964797541921831,0.046911223237448056,0.3731049230876177,0.05557871233499327,0.04985394037740229,0.3960516130803699,0.053479065105465406,0.07694363896380893
grayscale,all,M4_element_affine,float32:3ch,local_x_le_2,6 cells,"{""k"": 7.881542713579805e-07, ""b"": 0.08449708507621137, ""feature"": ""elements""}","non-negative scipy.optimize.nnls, trained on x<=LOCAL_X_MAX only",grayscale:float32:3ch:t4,602112.0,0.16739138246824345,6,3,0.08163265306122448,1.653061224489796,0.9230891635107001,0.01550674339462933,0.0935096859860538,0.018376548625102396,0.012935699792697977,0.07596846340268076,0.015724239660397467,0.024104943157716746
grayscale,all,M5_repr_element_affine,uint8:1ch,full,8 cells,"{""k"": 1.2652749915680016e-07, ""b"": 0.021827802641973926, ""feature"": ""elements""}",non-negative scipy.optimize.nnls,grayscale:float32:3ch:t4,602112.0,0.16739138246824345,8,4,0.006802721088435374,1.7414965986394557,0.9221268083269955,0.010257800600434193,0.16622223013746767,0.013006475949465086,0.007378444076904047,0.17056508869362053,0.0085413113408237,0.013577755785203136
grayscale,all,M5_repr_element_affine,uint8:3ch,full,8 cells,"{""k"": 1.1350364760155466e-06, ""b"": 0.06809906068552656, ""feature"": ""elements""}",non-negative scipy.optimize.nnls,grayscale:float32:3ch:t4,602112.0,0.16739138246824345,8,4,0.02040816326530612,1.3061224489795917,0.9908304808496375,0.025683246738110063,0.12034890428306547,0.02708224608150365,0.012991565547955611,0.07245481545658093,0.015774128700247126,0.025291514944053087
grayscale,1ch,M1_byte_prop_anchored,shared,full,16 cells,"{""anchor_ms"": 0.16739138246824345, ""anchor_bytes"": 602112.0}",anchored at the frozen round-1 reference cell,grayscale:float32:3ch:t4,602112.0,0.16739138246824345,16,8,0.006802721088435374,6.965986394557823,-0.15698229456951585,0.10532911716941859,0.7341136581167834,0.1769922101978369,0.06038036547494839,0.6760223180383558,0.09708351999439815,0.247049647623086
grayscale,1ch,M2_byte_affine,shared,full,16 cells,"{""k"": 1.444490557967336e-07, ""b"": 0.015247767650099334, ""feature"": ""native_bytes""}",non-negative scipy.optimize.nnls,grayscale:float32:3ch:t4,602112.0,0.16739138246824345,16,8,0.006802721088435374,6.965986394557823,0.9928448777956163,0.011070771209093836,0.20364798542011897,0.013918720819671607,0.010917311953491235,0.2367636669191483,0.013545036617663665,0.026182322361011354
grayscale,1ch,M3_element_prop,shared,full,16 cells,"{""k"": 3.792845945620878e-07, ""feature"": ""elements""}",non-negative nnls_1d,grayscale:float32:3ch:t4,602112.0,0.16739138246824345,16,8,0.006802721088435374,6.965986394557823,0.5772884431722127,0.07534425443251301,0.7369325906447095,0.10698252818863287,0.04599086321624629,0.7128084595836386,0.06156990824174881,0.11702041373961626
grayscale,1ch,M4_element_affine,shared,full,16 cells,"{""k"": 3.5526940913337053e-07, ""b"": 0.01709776305011678, ""feature"": ""elements""}",non-negative scipy.optimize.nnls,grayscale:float32:3ch:t4,602112.0,0.16739138246824345,16,8,0.006802721088435374,6.965986394557823,0.5832921672357287,0.06955700837140116,0.5834287165708558,0.10622008094195266,0.03771863662732673,0.49264351459755873,0.05969622824324662,0.12221586664829388
grayscale,1ch,M5_repr_element_affine,float32:1ch,full,8 cells,"{""k"": 5.840113191099413e-07, ""b"": 0.012367723458259565, ""feature"": ""elements""}",non-negative scipy.optimize.nnls,grayscale:float32:3ch:t4,602112.0,0.16739138246824345,8,4,0.027210884353741496,6.965986394557823,0.9959953428234456,0.009760274733276002,0.171505695644647,0.013099397989895109,0.011349475680177277,0.22311220251095826,0.01448520943492475,0.024218731353594494
grayscale,1ch,M3_element_prop,float32:1ch,local_x_le_2,5 cells,"{""k"": 5.522042094363727e-07, ""feature"": ""elements""}","non-negative nnls_1d, trained on x<=LOCAL_X_MAX only",grayscale:float32:3ch:t4,602112.0,0.16739138246824345,5,3,0.027210884353741496,1.3333333333333333,0.43132845910547957,0.0169574547113032,0.43333954754333376,0.019144894857219402,0.017421633357709604,0.46646430502829594,0.01938578178268828,0.027981589508578826
grayscale,1ch,M4_element_affine,float32:1ch,local_x_le_2,5 cells,"{""k"": 3.566205008964385e-07, ""b"": 0.027793753818578966, ""feature"": ""elements""}","non-negative scipy.optimize.nnls, trained on x<=LOCAL_X_MAX only",grayscale:float32:3ch:t4,602112.0,0.16739138246824345,5,3,0.027210884353741496,1.3333333333333333,0.9920593141955453,0.002003158096349717,0.04091825402165616,0.0022623054639300776,0.0038554201750165226,0.07829094500242839,0.004216264268737503,0.0061146212234236275
grayscale,1ch,M5_repr_element_affine,uint8:1ch,full,8 cells,"{""k"": 1.2652749915680016e-07, ""b"": 0.021827802641973926, ""feature"": ""elements""}",non-negative scipy.optimize.nnls,grayscale:float32:3ch:t4,602112.0,0.16739138246824345,8,4,0.006802721088435374,1.7414965986394557,0.9221268083269955,0.010257800600434193,0.16622223013746767,0.013006475949465086,0.007378444076904047,0.17056508869362053,0.0085413113408237,0.013577755785203136
grayscale,3ch,M1_byte_prop_anchored,shared,full,16 cells,"{""anchor_ms"": 0.16739138246824345, ""anchor_bytes"": 602112.0}",anchored at the frozen round-1 reference cell,grayscale:float32:3ch:t4,602112.0,0.16739138246824345,16,8,0.02040816326530612,5.224489795918367,0.13867115475829772,0.15445856275309655,0.5775518101085636,0.24414832585638735,0.15813053330658186,0.5853286877879138,0.23666800445536829,0.5957549391314387
grayscale,3ch,M2_byte_affine,shared,full,16 cells,"{""k"": 2.2844916614990718e-07, ""b"": 0.17795548451446766, ""feature"": ""native_bytes""}",non-negative scipy.optimize.nnls,grayscale:float32:3ch:t4,602112.0,0.16739138246824345,16,8,0.02040816326530612,5.224489795918367,0.4841786725673729,0.12184972169601876,0.45745939065297486,0.18893782091965333,0.13648982194805231,0.5371145249249265,0.1834028924776181,0.4476388527563616
grayscale,3ch,M3_element_prop,shared,full,16 cells,"{""k"": 1.18601303339827e-06, ""feature"": ""elements""}",non-negative nnls_1d,grayscale:float32:3ch:t4,602112.0,0.16739138246824345,16,8,0.02040816326530612,5.224489795918367,0.943591612955778,0.05381528597081811,0.3245704412864888,0.06248001075173541,0.06307797126103942,0.35059007052050156,0.06984427782547482,0.11759399073029542
grayscale,3ch,M4_element_affine,shared,full,16 cells,"{""k"": 1.049625108982701e-06, ""b"": 0.06784638773895897, ""feature"": ""elements""}",non-negative scipy.optimize.nnls,grayscale:float32:3ch:t4,602112.0,0.16739138246824345,16,8,0.02040816326530612,5.224489795918367,0.9793376081835223,0.029914727641002975,0.12787125192285892,0.0378146035136499,0.036405878448055165,0.13401641698533942,0.04921899275264683,0.10331957252354751
grayscale,3ch,M5_repr_element_affine,float32:3ch,full,8 cells,"{""k"": 9.642137419498553e-07, ""b"": 0.06759371479239146, ""feature"": ""elements""}",non-negative scipy.optimize.nnls,grayscale:float32:3ch:t4,602112.0,0.16739138246824345,8,4,0.08163265306122448,5.224489795918367,0.9924290652951635,0.017328331480177674,0.11071927601755724,0.02088813132858119,0.029574786386148102,0.12599389060594862,0.03444535807269786,0.05163969055009909
grayscale,3ch,M3_element_prop,float32:3ch,local_x_le_2,6 cells,"{""k"": 1.29725332568191e-06, ""feature"": ""elements""}","non-negative nnls_1d, trained on x<=LOCAL_X_MAX only",grayscale:float32:3ch:t4,602112.0,0.16739138246824345,6,3,0.08163265306122448,1.653061224489796,0.2964797541921831,0.046911223237448056,0.3731049230876177,0.05557871233499327,0.04985394037740229,0.3960516130803699,0.053479065105465406,0.07694363896380893
grayscale,3ch,M4_element_affine,float32:3ch,local_x_le_2,6 cells,"{""k"": 7.881542713579805e-07, ""b"": 0.08449708507621137, ""feature"": ""elements""}","non-negative scipy.optimize.nnls, trained on x<=LOCAL_X_MAX only",grayscale:float32:3ch:t4,602112.0,0.16739138246824345,6,3,0.08163265306122448,1.653061224489796,0.9230891635107001,0.01550674339462933,0.0935096859860538,0.018376548625102396,0.012935699792697977,0.07596846340268076,0.015724239660397467,0.024104943157716746
grayscale,3ch,M5_repr_element_affine,uint8:3ch,full,8 cells,"{""k"": 1.1350364760155466e-06, ""b"": 0.06809906068552656, ""feature"": ""elements""}",non-negative scipy.optimize.nnls,grayscale:float32:3ch:t4,602112.0,0.16739138246824345,8,4,0.02040816326530612,1.3061224489795917,0.9908304808496375,0.025683246738110063,0.12034890428306547,0.02708224608150365,0.012991565547955611,0.07245481545658093,0.015774128700247126,0.025291514944053087
flip,all,M1_byte_prop_anchored,shared,full,32 cells,"{""anchor_ms"": 0.07433396376048525, ""anchor_bytes"": 602112.0}",anchored at the frozen round-1 reference cell,flip:float32:3ch:t4,602112.0,0.07433396376048525,32,16,0.006802721088435374,5.224489795918367,0.13302694309172014,0.03518217327789758,0.5403886767400682,0.0415935237858717,0.03745801739525978,0.5832742584516855,0.04216458464888908,0.07988826526949802
flip,all,M2_byte_affine,shared,full,32 cells,"{""k"": 6.995208802214955e-08, ""b"": 0.04697746454937165, ""feature"": ""native_bytes""}",non-negative scipy.optimize.nnls,flip:float32:3ch:t4,602112.0,0.07433396376048525,32,16,0.006802721088435374,5.224489795918367,0.9736670917611095,0.005672579733435079,0.0795019843420959,0.007248903654125501,0.006848553573455903,0.09867413161837486,0.0092386634886246,0.021451190591628255
flip,all,M3_element_prop,shared,full,32 cells,"{""k"": 2.081108810565111e-07, ""feature"": ""elements""}",non-negative nnls_1d,flip:float32:3ch:t4,602112.0,0.07433396376048525,32,16,0.006802721088435374,5.224489795918367,-0.5159924928199906,0.05090052253169937,0.7014506838909311,0.05500110819350979,0.04658861608313661,0.6954414890147149,0.0490050235335003,0.09214153095774497
flip,all,M4_element_affine,shared,full,32 cells,"{""k"": 1.0743443643090483e-07, ""b"": 0.0550812435948543, ""feature"": ""elements""}",non-negative scipy.optimize.nnls,flip:float32:3ch:t4,602112.0,0.07433396376048525,32,16,0.006802721088435374,5.224489795918367,0.4118083398215435,0.019656307640445216,0.1977404050141657,0.03425960456412082,0.015516321328654915,0.16969627257609743,0.02901824018226187,0.0976787827893037
flip,all,M5_repr_element_affine,float32:1ch,full,8 cells,"{""k"": 2.650513053151554e-07, ""b"": 0.048058413468151664, ""feature"": ""elements""}",non-negative scipy.optimize.nnls,flip:float32:3ch:t4,602112.0,0.07433396376048525,8,4,0.027210884353741496,1.7414965986394557,0.9346959559700575,0.004976665901552339,0.07099168126971594,0.005792216797005143,0.00743999016810944,0.10505732495400472,0.009573852262396593,0.017121742942816084
flip,all,M5_repr_element_affine,float32:3ch,full,8 cells,"{""k"": 2.8877205328797246e-07, ""b"": 0.0462859527158956, ""feature"": ""elements""}",non-negative scipy.optimize.nnls,flip:float32:3ch:t4,602112.0,0.07433396376048525,8,4,0.08163265306122448,5.224489795918367,0.9875689702671925,0.006434731554900223,0.07995348711813036,0.008035747009575607,0.007543487412339867,0.09395663062207511,0.011480153023278677,0.02252201412355878
flip,all,M3_element_prop,float32:3ch,local_x_le_2,6 cells,"{""k"": 5.413494090839476e-07, ""feature"": ""elements""}","non-negative nnls_1d, trained on x<=LOCAL_X_MAX only",flip:float32:3ch:t4,602112.0,0.07433396376048525,6,3,0.08163265306122448,1.653061224489796,-1.9525514874935692,0.02884801288783034,0.4325389425902444,0.03341780632221155,0.03169638815137851,0.5019181382090014,0.03293619931170699,0.044341642002502915
flip,all,M4_element_affine,float32:3ch,local_x_le_2,6 cells,"{""k"": 2.2432849344012278e-07, ""b"": 0.052617153877191174, ""feature"": ""elements""}","non-negative scipy.optimize.nnls, trained on x<=LOCAL_X_MAX only",flip:float32:3ch:t4,602112.0,0.07433396376048525,6,3,0.08163265306122448,1.653061224489796,0.8681045463814523,0.006093020476834834,0.08098628867893314,0.007063079763035047,0.007263007148242069,0.09745480609195854,0.009632590599453844,0.016183095870288322
flip,all,M5_repr_element_affine,uint8:1ch,full,8 cells,"{""k"": 6.333204582640609e-08, ""b"": 0.048138691834802794, ""feature"": ""elements""}",non-negative scipy.optimize.nnls,flip:float32:3ch:t4,602112.0,0.07433396376048525,8,4,0.006802721088435374,1.7414965986394557,0.9376867024898279,0.004796779533760417,0.06701626992359302,0.005775120632947911,0.005280823656161516,0.08674486203403724,0.005916644258110204,0.008286045402119704
flip,all,M5_repr_element_affine,uint8:3ch,full,8 cells,"{""k"": 4.0099076103093834e-08, ""b"": 0.05345796277922953, ""feature"": ""elements""}",non-negative scipy.optimize.nnls,flip:float32:3ch:t4,602112.0,0.07433396376048525,8,4,0.02040816326530612,1.3061224489795917,0.9160059059820147,0.002499171657198659,0.04114901947976418,0.003011694142675709,0.0022606175993024006,0.037708702260146255,0.002298221047339987,0.002658362039573481
flip,1ch,M1_byte_prop_anchored,shared,full,16 cells,"{""anchor_ms"": 0.07433396376048525, ""anchor_bytes"": 602112.0}",anchored at the frozen round-1 reference cell,flip:float32:3ch:t4,602112.0,0.07433396376048525,16,8,0.006802721088435374,1.7414965986394557,-1.5326423996787382,0.031650178296149946,0.5607621955398031,0.03644692147519242,0.036700872531545595,0.6377451883175468,0.03995263971153361,0.05587064061982266
flip,1ch,M2_byte_affine,shared,full,16 cells,"{""k"": 6.468254200082971e-08, ""b"": 0.04812755929822426, ""feature"": ""native_bytes""}",non-negative scipy.optimize.nnls,flip:float32:3ch:t4,602112.0,0.07433396376048525,16,8,0.006802721088435374,1.7414965986394557,0.9354162151641169,0.004881254224032933,0.06869907285536903,0.005820169875807633,0.006238764919934627,0.0944103350663327,0.007692432530167587,0.015922211229853836
flip,1ch,M3_element_prop,shared,full,16 cells,"{""k"": 1.5362640206000003e-07, ""feature"": ""elements""}",non-negative nnls_1d,flip:float32:3ch:t4,602112.0,0.07433396376048525,16,8,0.006802721088435374,1.7414965986394557,-3.537856116265277,0.045991733026335135,0.7229470758640494,0.048786456496695926,0.04408170683205561,0.7403350628848289,0.0469743521930981,0.05613610993179205
flip,1ch,M4_element_affine,shared,full,16 cells,"{""k"": 6.044714012461564e-08, ""b"": 0.05640143901273015, ""feature"": ""elements""}",non-negative scipy.optimize.nnls,flip:float32:3ch:t4,602112.0,0.07433396376048525,16,8,0.006802721088435374,1.7414965986394557,0.559428071829671,0.008863756278443151,0.11438525373044255,0.015201355843884965,0.006055298295240227,0.09213558160657384,0.008561437986727004,0.015600105883007531
flip,1ch,M5_repr_element_affine,float32:1ch,full,8 cells,"{""k"": 2.650513053151554e-07, ""b"": 0.048058413468151664, ""feature"": ""elements""}",non-negative scipy.optimize.nnls,flip:float32:3ch:t4,602112.0,0.07433396376048525,8,4,0.027210884353741496,1.7414965986394557,0.9346959559700575,0.004976665901552339,0.07099168126971594,0.005792216797005143,0.00743999016810944,0.10505732495400472,0.009573852262396593,0.017121742942816084
flip,1ch,M5_repr_element_affine,uint8:1ch,full,8 cells,"{""k"": 6.333204582640609e-08, ""b"": 0.048138691834802794, ""feature"": ""elements""}",non-negative scipy.optimize.nnls,flip:float32:3ch:t4,602112.0,0.07433396376048525,8,4,0.006802721088435374,1.7414965986394557,0.9376867024898279,0.004796779533760417,0.06701626992359302,0.005775120632947911,0.005280823656161516,0.08674486203403724,0.005916644258110204,0.008286045402119704
flip,3ch,M1_byte_prop_anchored,shared,full,16 cells,"{""anchor_ms"": 0.07433396376048525, ""anchor_bytes"": 602112.0}",anchored at the frozen round-1 reference cell,flip:float32:3ch:t4,602112.0,0.07433396376048525,16,8,0.02040816326530612,5.224489795918367,0.34961054774847133,0.038714168259645215,0.5200151579403332,0.046169950799550434,0.03821516225897397,0.5288033285858242,0.04426613804373556,0.07988826526949802
flip,3ch,M2_byte_affine,shared,full,16 cells,"{""k"": 7.071276514818832e-08, ""b"": 0.04703091487633132, ""feature"": ""native_bytes""}",non-negative scipy.optimize.nnls,flip:float32:3ch:t4,602112.0,0.07433396376048525,16,8,0.02040816326530612,5.224489795918367,0.9795245313544112,0.006347539377281622,0.08471915232139982,0.008191993374898019,0.006528127374385229,0.09213722014938622,0.009737916701186802,0.022102861752172853
flip,3ch,M3_element_prop,shared,full,16 cells,"{""k"": 2.6469046448329573e-07, ""feature"": ""elements""}",non-negative nnls_1d,flip:float32:3ch:t4,602112.0,0.07433396376048525,16,8,0.02040816326530612,5.224489795918367,0.09968405293487848,0.048301875636443156,0.6358672621264553,0.05432129795116788,0.04493046309746314,0.6278692768226413,0.04945589484315875,0.08397875880353026
flip,3ch,M4_element_affine,shared,full,16 cells,"{""k"": 1.6443556469553317e-07, ""b"": 0.049871957747562555, ""feature"": ""elements""}",non-negative scipy.optimize.nnls,flip:float32:3ch:t4,602112.0,0.07433396376048525,16,8,0.02040816326530612,5.224489795918367,0.5075147790473776,0.02523180106016171,0.25393676647839447,0.04017623800533531,0.022061466651261123,0.232427789152479,0.0364695695721208,0.07348603833008352
flip,3ch,M5_repr_element_affine,float32:3ch,full,8 cells,"{""k"": 2.8877205328797246e-07, ""b"": 0.0462859527158956, ""feature"": ""elements""}",non-negative scipy.optimize.nnls,flip:float32:3ch:t4,602112.0,0.07433396376048525,8,4,0.08163265306122448,5.224489795918367,0.9875689702671925,0.006434731554900223,0.07995348711813036,0.008035747009575607,0.007543487412339867,0.09395663062207511,0.011480153023278677,0.02252201412355878
flip,3ch,M3_element_prop,float32:3ch,local_x_le_2,6 cells,"{""k"": 5.413494090839476e-07, ""feature"": ""elements""}","non-negative nnls_1d, trained on x<=LOCAL_X_MAX only",flip:float32:3ch:t4,602112.0,0.07433396376048525,6,3,0.08163265306122448,1.653061224489796,-1.9525514874935692,0.02884801288783034,0.4325389425902444,0.03341780632221155,0.03169638815137851,0.5019181382090014,0.03293619931170699,0.044341642002502915
flip,3ch,M4_element_affine,float32:3ch,local_x_le_2,6 cells,"{""k"": 2.2432849344012278e-07, ""b"": 0.052617153877191174, ""feature"": ""elements""}","non-negative scipy.optimize.nnls, trained on x<=LOCAL_X_MAX only",flip:float32:3ch:t4,602112.0,0.07433396376048525,6,3,0.08163265306122448,1.653061224489796,0.8681045463814523,0.006093020476834834,0.08098628867893314,0.007063079763035047,0.007263007148242069,0.09745480609195854,0.009632590599453844,0.016183095870288322
flip,3ch,M5_repr_element_affine,uint8:3ch,full,8 cells,"{""k"": 4.0099076103093834e-08, ""b"": 0.05345796277922953, ""feature"": ""elements""}",non-negative scipy.optimize.nnls,flip:float32:3ch:t4,602112.0,0.07433396376048525,8,4,0.02040816326530612,1.3061224489795917,0.9160059059820147,0.002499171657198659,0.04114901947976418,0.003011694142675709,0.0022606175993024006,0.037708702260146255,0.002298221047339987,0.002658362039573481
