operator,group,model,class_scope,coefficients,constraint,anchor_cell,anchor_bytes,anchor_elements,anchor_mean_ms,train_cells,validation_cells,train_x_min,train_x_max,train_r2,train_mae_ms,train_mape,train_rmse_ms,train_max_abs_err_ms,val_mae_ms,val_mape,val_rmse_ms,val_max_abs_err_ms
blur,all,M2_byte_affine,shared,"{""k"": 1.4793571594560578e-05, ""b"": 6.3068843294178425}",non-negative scipy.optimize.nnls,blur:float32:1ch:t4,201119.0,50176.0,6.9700696238084605,32,16,4096.0,786432.0,0.4949060512218081,6.6989891057813695,1.5001053669539066,9.374593626397031,31.58086171685597,6.424966836017907,1.4631469981403664,8.244416283511358,19.715654113106133
blur,all,M3_element_prop,shared,"{""k"": 6.666978427093878e-05}",non-negative nnls_1d,blur:float32:1ch:t4,201119.0,50176.0,6.9700696238084605,32,16,4096.0,786432.0,0.7988101073080265,3.758050586865277,0.3589283852452244,5.916562377370032,18.500526400587884,3.6466350658654143,0.35488132301034186,5.360809832197911,13.959225795652314
blur,all,M4_element_affine,shared,"{""k"": 5.9933926349287165e-05, ""b"": 2.792302607099103}",non-negative scipy.optimize.nnls,blur:float32:1ch:t4,201119.0,50176.0,6.9700696238084605,32,16,4096.0,786432.0,0.8270386015486103,3.7853575820243575,0.6842671805884855,5.48581252977533,17.473988532502222,3.724472634241417,0.6631647399029985,4.87047445460541,12.518836816860377
blur,all,M1_byte_prop_anchored,shared,"{""anchor_ms"": 6.9700696238084605, ""anchor_bytes"": 201119.0}",anchored at a single training point (no fit),blur:float32:1ch:t4,201119.0,50176.0,6.9700696238084605,32,16,4096.0,786432.0,-0.4072925338991824,8.258631060962017,0.6594119411187112,15.647989999202798,62.936570047536,8.105841972078602,0.6651635941374352,14.842790628643398,50.1186318736952
blur,all,M5_repr_element_affine,float32:1ch,"{""k"": 0.00013468944803157835, ""b"": 0.27098353608952547}",non-negative scipy.optimize.nnls,blur:float32:1ch:t4,201119.0,50176.0,6.9700696238084605,8,4,4096.0,262144.0,0.9993850435378161,0.18702999292547534,0.039345311961225336,0.2762290438587353,0.689028314988354,0.7618214287117466,0.05455598421772265,1.2607559474098933,2.4804098438602082
blur,all,M5_repr_element_affine,float32:3ch,"{""k"": 5.681433838268747e-05, ""b"": 0.0}","non-negative scipy.optimize.nnls, intercept bound active",blur:float32:1ch:t4,201119.0,50176.0,6.9700696238084605,8,4,12288.0,786432.0,0.995453662637139,0.6730240625286477,0.09449259018978207,0.9588962955274678,2.159321084856721,0.47396609608510254,0.08328570633048779,0.5589897148446713,0.8443207215368744
blur,all,M5_repr_element_affine,uint8:1ch,"{""k"": 0.00013461982517753545, ""b"": 0.2563765485471155}",non-negative scipy.optimize.nnls,blur:float32:1ch:t4,201119.0,50176.0,6.9700696238084605,8,4,4096.0,262144.0,0.9991127161024081,0.27322498073310364,0.04799738606393712,0.33167526443061235,0.5959839190419274,0.16301576909267212,0.03974977827369061,0.19691379922545477,0.34845268382640526
blur,all,M5_repr_element_affine,uint8:3ch,"{""k"": 6.106411070927664e-05, ""b"": 0.0}","non-negative scipy.optimize.nnls, intercept bound active",blur:float32:1ch:t4,201119.0,50176.0,6.9700696238084605,8,4,12288.0,786432.0,0.9958289594716792,0.7961133665425061,0.10165425345551024,0.9953968628502562,1.5805095099896516,0.8868604319542437,0.09940680138952851,1.1505825811801278,1.831265517703038
blur,1ch,M2_byte_affine,shared,"{""k"": 3.227592963284929e-05, ""b"": 4.389685218311125}",non-negative scipy.optimize.nnls,blur:float32:1ch:t4,201119.0,50176.0,6.9700696238084605,16,8,4096.0,262144.0,0.5991897759479972,4.798670027658206,1.1326323039629127,7.05072952961962,23.113460198007928,5.139561944359799,1.1422140582081153,6.790046113684455,16.459001164108138
blur,1ch,M3_element_prop,shared,"{""k"": 0.00013624482179554922}",non-negative nnls_1d,blur:float32:1ch:t4,201119.0,50176.0,6.9700696238084605,16,8,4096.0,262144.0,0.9989468061312324,0.32940644580421935,0.11209182349291535,0.3614255251170198,0.5792228718006456,0.5392887844398149,0.10977030074694544,0.9292228502573882,2.521596043694693
blur,1ch,M4_element_affine,shared,"{""k"": 0.0001346546366045569, ""b"": 0.26368004231832043}",non-negative scipy.optimize.nnls,blur:float32:1ch:t4,201119.0,50176.0,6.9700696238084605,16,8,4096.0,262144.0,0.9992480634752561,0.23055079378186968,0.04360166685941018,0.3053903080338347,0.6788374222142828,0.4588460272971804,0.04703285187377393,0.8970431612764203,2.4661195574400914
blur,1ch,M1_byte_prop_anchored,shared,"{""anchor_ms"": 6.9700696238084605, ""anchor_bytes"": 201119.0}",anchored at a single training point (no fit),blur:float32:1ch:t4,201119.0,50176.0,6.9700696238084605,16,8,4096.0,262144.0,0.47126505881246117,4.1417063113841515,0.4343464137723829,8.098109881911402,26.878110079223507,4.338327421151843,0.4412467637515225,7.709589728134709,20.36990992837712
blur,1ch,M5_repr_element_affine,float32:1ch,"{""k"": 0.00013468944803157835, ""b"": 0.27098353608952547}",non-negative scipy.optimize.nnls,blur:float32:1ch:t4,201119.0,50176.0,6.9700696238084605,8,4,4096.0,262144.0,0.9993850435378161,0.18702999292547534,0.039345311961225336,0.2762290438587353,0.689028314988354,0.7618214287117466,0.05455598421772265,1.2607559474098933,2.4804098438602082
blur,1ch,M5_repr_element_affine,uint8:1ch,"{""k"": 0.00013461982517753545, ""b"": 0.2563765485471155}",non-negative scipy.optimize.nnls,blur:float32:1ch:t4,201119.0,50176.0,6.9700696238084605,8,4,4096.0,262144.0,0.9991127161024081,0.27322498073310364,0.04799738606393712,0.33167526443061235,0.5959839190419274,0.16301576909267212,0.03974977827369061,0.19691379922545477,0.34845268382640526
blur,3ch,M2_byte_affine,shared,"{""k"": 1.3712667945722951e-05, ""b"": 5.486728530531949}",non-negative scipy.optimize.nnls,blur:float32:3ch:t4,602530.0,150528.0,8.053652985083016,16,8,12288.0,786432.0,0.5486021232388809,6.588415855848301,1.2508288564021992,9.966839160311292,33.251530875444345,6.393100247295284,1.2077057943949017,8.592842114655712,21.187091111140756
blur,3ch,M3_element_prop,shared,"{""k"": 5.893922454598206e-05}",non-negative nnls_1d,blur:float32:3ch:t4,602530.0,150528.0,8.053652985083016,16,8,12288.0,786432.0,0.9933111587034883,0.7573501791057469,0.09729908027367326,1.2132579333323146,3.176434791594417,0.6893552636209832,0.09341602442385505,0.9398468703932895,2.123740179090511
blur,3ch,M4_element_affine,shared,"{""k"": 5.893922454598207e-05, ""b"": 0.0}","non-negative scipy.optimize.nnls, intercept bound active",blur:float32:3ch:t4,602530.0,150528.0,8.053652985083016,16,8,12288.0,786432.0,0.9933111587034883,0.7573501791057475,0.09729908027367327,1.2132579333323144,3.17643479159441,0.6893552636209836,0.09341602442385505,0.93984687039329,2.123740179090511
blur,3ch,M1_byte_prop_anchored,shared,"{""anchor_ms"": 8.053652985083016, ""anchor_bytes"": 602530.0}",anchored at a single training point (no fit),blur:float32:3ch:t4,602530.0,150528.0,8.053652985083016,16,8,12288.0,786432.0,0.4013359290415405,5.771526178555757,0.4466583293351894,11.478081158735462,39.01072695684006,5.198866602969614,0.43762957429919364,10.01850500182355,26.882461859024524
blur,3ch,M5_repr_element_affine,float32:3ch,"{""k"": 5.681433838268747e-05, ""b"": 0.0}","non-negative scipy.optimize.nnls, intercept bound active",blur:float32:3ch:t4,602530.0,150528.0,8.053652985083016,8,4,12288.0,786432.0,0.995453662637139,0.6730240625286477,0.09449259018978207,0.9588962955274678,2.159321084856721,0.47396609608510254,0.08328570633048779,0.5589897148446713,0.8443207215368744
blur,3ch,M5_repr_element_affine,uint8:3ch,"{""k"": 6.106411070927664e-05, ""b"": 0.0}","non-negative scipy.optimize.nnls, intercept bound active",blur:float32:3ch:t4,602530.0,150528.0,8.053652985083016,8,4,12288.0,786432.0,0.9958289594716792,0.7961133665425061,0.10165425345551024,0.9953968628502562,1.5805095099896516,0.8868604319542437,0.09940680138952851,1.1505825811801278,1.831265517703038
jitter,all,M2_byte_affine,shared,"{""k"": 1.6368836523932382e-05, ""b"": 1.3637162148198596}",non-negative scipy.optimize.nnls,jitter:float32:3ch:t4,602530.0,150528.0,7.112025030723282,32,16,4096.0,786432.0,0.4877226757675507,5.3620338048734695,3.608214896800658,10.52297743191869,49.80823875809419,4.976813139538625,3.65402533493638,9.155296138239123,32.10837698328402
jitter,all,M3_element_prop,shared,"{""k"": 6.217275101177713e-05}",non-negative nnls_1d,jitter:float32:3ch:t4,602530.0,150528.0,7.112025030723282,32,16,4096.0,786432.0,0.8666059873160059,3.2254436394600017,2.9076540097464503,5.369752158572688,15.157198543422425,3.068914331780203,2.9096995311649048,4.6749073273002235,11.555795673884251
jitter,all,M4_element_affine,shared,"{""k"": 6.217275101177715e-05, ""b"": 0.0}","non-negative scipy.optimize.nnls, intercept bound active",jitter:float32:3ch:t4,602530.0,150528.0,7.112025030723282,32,16,4096.0,786432.0,0.8666059873160059,3.225443639460004,2.907654009746452,5.369752158572689,15.15719854342241,3.068914331780203,2.9096995311649065,4.6749073273002235,11.555795673884257
jitter,all,M1_byte_prop_anchored,shared,"{""anchor_ms"": 7.112025030723282, ""anchor_bytes"": 602530.0}",anchored at a single training point (no fit),jitter:float32:3ch:t4,602530.0,150528.0,7.112025030723282,32,16,4096.0,786432.0,0.4048539608031927,4.858089186320336,1.5276382807309195,11.342214247910533,54.764127081799856,4.856797862844306,1.5512122088728393,10.136838434016994,36.222801499078905
jitter,all,M5_repr_element_affine,float32:1ch,"{""k"": 3.8510561277683275e-06, ""b"": 0.21935833083204126}",non-negative scipy.optimize.nnls,jitter:float32:3ch:t4,602530.0,150528.0,7.112025030723282,8,4,4096.0,262144.0,0.9860707307647526,0.03181987372161374,0.06713875366141708,0.03784164313827046,0.06214617167465042,0.03636223442958354,0.07397350464371705,0.04344289451667811,0.06975655471619169
jitter,all,M5_repr_element_affine,float32:3ch,"{""k"": 6.255693356215434e-05, ""b"": 0.0}","non-negative scipy.optimize.nnls, intercept bound active",jitter:float32:3ch:t4,602530.0,150528.0,7.112025030723282,8,4,12288.0,786432.0,0.9817168715526893,1.878627592506228,0.2385195350364834,2.2129154908904014,3.501004550251979,1.9378864026620353,0.22709053498742948,2.3183783279487415,3.5687695441280667
jitter,all,M5_repr_element_affine,uint8:1ch,"{""k"": 5.017684160118471e-06, ""b"": 0.23016101188930033}",non-negative scipy.optimize.nnls,jitter:float32:3ch:t4,602530.0,150528.0,7.112025030723282,8,4,4096.0,262144.0,0.9897650587673613,0.03613212977808505,0.06943940622910391,0.04218518361106608,0.06015702603882811,0.02088744514701181,0.05079767354543413,0.024522287733550172,0.037960261686374064
jitter,all,M5_repr_element_affine,uint8:3ch,"{""k"": 7.431810495652989e-05, ""b"": 0.0}","non-negative scipy.optimize.nnls, intercept bound active",jitter:float32:3ch:t4,602530.0,150528.0,7.112025030723282,8,4,12288.0,786432.0,0.9679518499714387,2.891399036963908,0.274036580946431,3.550108866168355,5.6669009037967655,1.7762385634547446,0.23477947707939417,2.198782187422455,3.9217116739429123
jitter,1ch,M2_byte_affine,shared,"{""k"": 8.974919683765052e-07, ""b"": 0.3924203796821194}",non-negative scipy.optimize.nnls,jitter:float32:1ch:t4,201119.0,50176.0,0.3955779123740892,16,8,4096.0,262144.0,0.4079711526153147,0.18699097456874292,0.32783632533631696,0.2887721951589195,0.9710501694723136,0.1963889129264248,0.353136865772688,0.26560366562856713,0.651680178134991
jitter,1ch,M3_element_prop,shared,"{""k"": 5.789836783692214e-06}",non-negative nnls_1d,jitter:float32:1ch:t4,201119.0,50176.0,0.3955779123740892,16,8,4096.0,262144.0,0.7614922661872692,0.16660759279787563,0.4333401635221097,0.18328848133886008,0.28614494036909893,0.17467093476408935,0.44887150905224904,0.19041941595225517,0.26317949678480246
jitter,1ch,M4_element_affine,shared,"{""k"": 4.434370143943401e-06, ""b"": 0.22475967136067068}",non-negative scipy.optimize.nnls,jitter:float32:1ch:t4,201119.0,50176.0,0.3955779123740892,16,8,4096.0,262144.0,0.9542364757391705,0.05640366763996181,0.09772886081162119,0.08028671170935203,0.21191553447270373,0.06438148180806694,0.11101618570089088,0.08657905364692377,0.19223135154722304
jitter,1ch,M1_byte_prop_anchored,shared,"{""anchor_ms"": 0.3955779123740892, ""anchor_bytes"": 201119.0}",anchored at a single training point (no fit),jitter:float32:1ch:t4,201119.0,50176.0,0.3955779123740892,16,8,4096.0,262144.0,-0.4192807063481694,0.3596567316617472,0.6437167511079723,0.4471138153870985,1.082687548291473,0.36450513919390454,0.6675848402639946,0.4376972085208932,0.8290210550594443
jitter,1ch,M5_repr_element_affine,float32:1ch,"{""k"": 3.8510561277683275e-06, ""b"": 0.21935833083204126}",non-negative scipy.optimize.nnls,jitter:float32:1ch:t4,201119.0,50176.0,0.3955779123740892,8,4,4096.0,262144.0,0.9860707307647526,0.03181987372161374,0.06713875366141708,0.03784164313827046,0.06214617167465042,0.03636223442958354,0.07397350464371705,0.04344289451667811,0.06975655471619169
jitter,1ch,M5_repr_element_affine,uint8:1ch,"{""k"": 5.017684160118471e-06, ""b"": 0.23016101188930033}",non-negative scipy.optimize.nnls,jitter:float32:1ch:t4,201119.0,50176.0,0.3955779123740892,8,4,4096.0,262144.0,0.9897650587673613,0.03613212977808505,0.06943940622910391,0.04218518361106608,0.06015702603882811,0.02088744514701181,0.05079767354543413,0.024522287733550172,0.037960261686374064
jitter,3ch,M2_byte_affine,shared,"{""k"": 1.5731718259054378e-05, ""b"": 5.67496472013769}",non-negative scipy.optimize.nnls,jitter:float32:3ch:t4,602530.0,150528.0,7.112025030723282,16,8,12288.0,786432.0,0.4788606573306644,8.110547213535384,1.1463725271582743,13.150220424905783,45.998309307968675,7.411423914192571,1.1436519760514778,11.004620899727659,28.181013894576193
jitter,3ch,M3_element_prop,shared,"{""k"": 6.843751925934212e-05}",non-negative nnls_1d,jitter:float32:3ch:t4,602530.0,150528.0,7.112025030723282,16,8,12288.0,786432.0,0.9617010513624075,2.549669045036461,0.26164265654629904,3.564917864583308,10.230384320953398,1.5038252162155978,0.2248136145280646,1.957210809756095,3.9378422804893116
jitter,3ch,M4_element_affine,shared,"{""k"": 6.843751925934213e-05, ""b"": 0.0}","non-negative scipy.optimize.nnls, intercept bound active",jitter:float32:3ch:t4,602530.0,150528.0,7.112025030723282,16,8,12288.0,786432.0,0.9617010513624075,2.5496690450364627,0.2616426565462992,3.564917864583309,10.230384320953391,1.5038252162155947,0.2248136145280646,1.9572108097560938,3.9378422804893134
jitter,3ch,M1_byte_prop_anchored,shared,"{""anchor_ms"": 7.112025030723282, ""anchor_bytes"": 602530.0}",anchored at a single training point (no fit),jitter:float32:3ch:t4,602530.0,150528.0,7.112025030723282,16,8,12288.0,786432.0,0.25918979981217627,7.936366325351646,0.5091224393615441,15.678682981389414,54.764127081799856,7.9858489348981205,0.5228601526468037,13.97092011012943,36.222801499078905
jitter,3ch,M5_repr_element_affine,float32:3ch,"{""k"": 6.255693356215434e-05, ""b"": 0.0}","non-negative scipy.optimize.nnls, intercept bound active",jitter:float32:3ch:t4,602530.0,150528.0,7.112025030723282,8,4,12288.0,786432.0,0.9817168715526893,1.878627592506228,0.2385195350364834,2.2129154908904014,3.501004550251979,1.9378864026620353,0.22709053498742948,2.3183783279487415,3.5687695441280667
jitter,3ch,M5_repr_element_affine,uint8:3ch,"{""k"": 7.431810495652989e-05, ""b"": 0.0}","non-negative scipy.optimize.nnls, intercept bound active",jitter:float32:3ch:t4,602530.0,150528.0,7.112025030723282,8,4,12288.0,786432.0,0.9679518499714387,2.891399036963908,0.274036580946431,3.550108866168355,5.6669009037967655,1.7762385634547446,0.23477947707939417,2.198782187422455,3.9217116739429123
crop,all,M2_byte_affine,shared,"{""k"": 4.0037777052842674e-07, ""b"": 1.031306050300062}",non-negative scipy.optimize.nnls,crop:float32:3ch:t6,1769895.0,442368.0,1.7531356293087204,32,16,9216.0,602112.0,0.13325544142364731,0.5035736661683006,0.5537322184696362,0.5384196406948357,0.803865231546848,0.49244915034920334,0.5358508528718982,0.5274309663743134,0.8039669229538029
crop,all,M3_element_prop,shared,"{""k"": 4.685078455567299e-06}",non-negative nnls_1d,crop:float32:3ch:t6,1769895.0,442368.0,1.7531356293087204,32,16,9216.0,602112.0,-0.9343590839427733,0.6561792162014985,0.5707613048590898,0.8043478042858414,1.6108929878553795,0.6113223897778057,0.5309539881563652,0.7334594082454408,1.5654438863374813
crop,all,M4_element_affine,shared,"{""k"": 1.994948641998357e-06, ""b"": 0.8813383233229515}",non-negative scipy.optimize.nnls,crop:float32:3ch:t6,1769895.0,442368.0,1.7531356293087204,32,16,9216.0,602112.0,0.3173543317948826,0.4349803600150815,0.4761579291859417,0.4778295471116467,0.8039313736179823,0.4200132333807606,0.459217854317056,0.45406039262777004,0.7853405281587563
crop,all,M1_byte_prop_anchored,shared,"{""anchor_ms"": 1.7531356293087204, ""anchor_bytes"": 1769895.0}",anchored at a single training point (no fit),crop:float32:3ch:t6,1769895.0,442368.0,1.7531356293087204,32,16,9216.0,602112.0,-2.1092831238350076,0.8579591189492317,0.72627638255646,1.019777596663915,1.7126376840447988,0.8359788790392293,0.7047296241835181,0.9921881210878253,1.704074945648563
crop,all,M5_repr_element_affine,float32:1ch,"{""k"": 1.7874683397268164e-08, ""b"": 0.5683583966122064}",non-negative scipy.optimize.nnls,crop:float32:3ch:t6,1769895.0,442368.0,1.7531356293087204,8,4,9216.0,200704.0,0.023361725298879032,0.0049423955478793,0.008752203819572809,0.007484083282878336,0.0174662917833881,0.017903071466409043,0.029937527399309414,0.022688255438325075,0.03290768651694054
crop,all,M5_repr_element_affine,float32:3ch,"{""k"": 4.5818662969573105e-07, ""b"": 1.5484944570501968}",non-negative scipy.optimize.nnls,crop:float32:3ch:t6,1769895.0,442368.0,1.7531356293087204,8,4,27648.0,602112.0,0.9984888871323604,0.0028552486142414957,0.0017705374582657847,0.0034627914815269947,0.006578496521493005,0.011713274118250794,0.007399184318631415,0.01500355065639918,0.026878281234850254
crop,all,M5_repr_element_affine,uint8:1ch,"{""k"": 1.9169203840799745e-07, ""b"": 0.64438341877844}",non-negative scipy.optimize.nnls,crop:float32:3ch:t6,1769895.0,442368.0,1.7531356293087204,8,4,9216.0,200704.0,0.8586422280507404,0.003591662421756389,0.005515411469517744,0.005036671650878838,0.010164740437106023,0.0041908167979675115,0.006259728683283789,0.004712978057247807,0.0065289481944516
crop,all,M5_repr_element_affine,uint8:3ch,"{""k"": 6.083695345334718e-07, ""b"": 1.7119197490021885}",non-negative scipy.optimize.nnls,crop:float32:3ch:t6,1769895.0,442368.0,1.7531356293087204,8,4,27648.0,602112.0,0.9951040332960438,0.007039850709784884,0.0038471292850583497,0.00829009556077582,0.01304454937573074,0.019719338336691872,0.010732708183591521,0.021883413368296068,0.032411853116241396
crop,1ch,M2_byte_affine,shared,"{""k"": 0.0, ""b"": 0.6142841471106899}","non-negative scipy.optimize.nnls, slope bound active",crop:float32:1ch:t6,590244.0,147456.0,0.5762292429183921,16,8,9216.0,200704.0,0.0,0.044575854408321895,0.07285544931232878,0.04588477356191475,0.06833345731138263,0.03956315466590847,0.06292332870100553,0.043738600397137645,0.06980167726093611
crop,1ch,M3_element_prop,shared,"{""k"": 4.731884026177794e-06}",non-negative nnls_1d,crop:float32:1ch:t6,590244.0,147456.0,0.5762292429183921,16,8,9216.0,200704.0,-73.9761034348968,0.3555675798145782,0.5820729503632198,0.39731048467987523,0.6106806784812702,0.3345777371644211,0.5412998738156702,0.36624489354710416,0.5898392594973332
crop,1ch,M4_element_affine,shared,"{""k"": 1.04783360902632e-07, ""b"": 0.6063709076953233}",non-negative scipy.optimize.nnls,crop:float32:1ch:t6,590244.0,147456.0,0.5762292429183921,16,8,9216.0,200704.0,0.02186850742040458,0.044575854408321895,0.07293858473091144,0.04538028445432502,0.058682604354062695,0.03956315466590847,0.06292809814555864,0.04208335079059629,0.05958152737193678
crop,1ch,M1_byte_prop_anchored,shared,"{""anchor_ms"": 0.5762292429183921, ""anchor_bytes"": 590244.0}",anchored at a single training point (no fit),crop:float32:1ch:t6,590244.0,147456.0,0.5762292429183921,16,8,9216.0,200704.0,-113.75901276433434,0.456180993285078,0.7324574201954179,0.4915435419474319,0.6448971627483183,0.4473707177329636,0.7099023602173578,0.4832123979108171,0.6365544738554924
crop,1ch,M5_repr_element_affine,float32:1ch,"{""k"": 1.7874683397268164e-08, ""b"": 0.5683583966122064}",non-negative scipy.optimize.nnls,crop:float32:1ch:t6,590244.0,147456.0,0.5762292429183921,8,4,9216.0,200704.0,0.023361725298879032,0.0049423955478793,0.008752203819572809,0.007484083282878336,0.0174662917833881,0.017903071466409043,0.029937527399309414,0.022688255438325075,0.03290768651694054
crop,1ch,M5_repr_element_affine,uint8:1ch,"{""k"": 1.9169203840799745e-07, ""b"": 0.64438341877844}",non-negative scipy.optimize.nnls,crop:float32:1ch:t6,590244.0,147456.0,0.5762292429183921,8,4,9216.0,200704.0,0.8586422280507404,0.003591662421756389,0.005515411469517744,0.005036671650878838,0.010164740437106023,0.0041908167979675115,0.006259728683283789,0.004712978057247807,0.0065289481944516
crop,3ch,M2_byte_affine,shared,"{""k"": 2.868376255356059e-08, ""b"": 1.7347681016305816}",non-negative scipy.optimize.nnls,crop:float32:3ch:t6,1769895.0,442368.0,1.7531356293087204,16,8,27648.0,602112.0,0.017313789719917594,0.11087169321190649,0.06285025226569055,0.14273722696300864,0.3243614576174563,0.11042854632169172,0.06296185806136767,0.1448157904591975,0.29363336122694395
crop,3ch,M3_element_prop,shared,"{""k"": 4.679877836610577e-06}",non-negative nnls_1d,crop:float32:3ch:t6,1769895.0,442368.0,1.7531356293087204,16,8,27648.0,602112.0,-53.79562080374111,0.9571503193707074,0.5601945937784933,1.0658663466329619,1.611036774568295,0.8882807254228842,0.5209932921531579,0.9703706226392296,1.5656395960300609
crop,3ch,M4_element_affine,shared,"{""k"": 5.332780821145998e-07, ""b"": 1.6302071030261929}",non-negative scipy.optimize.nnls,crop:float32:3ch:t6,1769895.0,442368.0,1.7531356293087204,16,8,27648.0,602112.0,0.5176807418884815,0.09872536543601505,0.056273252064745344,0.09999933818114674,0.12824951979903698,0.10014364980937293,0.05748732611467365,0.10275919916204798,0.13623724068126464
crop,3ch,M1_byte_prop_anchored,shared,"{""anchor_ms"": 1.7531356293087204, ""anchor_bytes"": 1769895.0}",anchored at a single training point (no fit),crop:float32:3ch:t6,1769895.0,442368.0,1.7531356293087204,16,8,27648.0,602112.0,-87.70457528490475,1.2599517843602506,0.7203518535638239,1.3561347192403412,1.7126376840447988,1.224964648214944,0.7001431982258433,1.3177640301188143,1.704074945648563
crop,3ch,M5_repr_element_affine,float32:3ch,"{""k"": 4.5818662969573105e-07, ""b"": 1.5484944570501968}",non-negative scipy.optimize.nnls,crop:float32:3ch:t6,1769895.0,442368.0,1.7531356293087204,8,4,27648.0,602112.0,0.9984888871323604,0.0028552486142414957,0.0017705374582657847,0.0034627914815269947,0.006578496521493005,0.011713274118250794,0.007399184318631415,0.01500355065639918,0.026878281234850254
crop,3ch,M5_repr_element_affine,uint8:3ch,"{""k"": 6.083695345334718e-07, ""b"": 1.7119197490021885}",non-negative scipy.optimize.nnls,crop:float32:3ch:t6,1769895.0,442368.0,1.7531356293087204,8,4,27648.0,602112.0,0.9951040332960438,0.007039850709784884,0.0038471292850583497,0.00829009556077582,0.01304454937573074,0.019719338336691872,0.010732708183591521,0.021883413368296068,0.032411853116241396
grayscale,all,M2_byte_affine,shared,"{""k"": 2.2843999990861195e-07, ""b"": 0.1776578859146806}",non-negative scipy.optimize.nnls,grayscale:float32:3ch:t4,602530.0,150528.0,0.16739138246824345,16,8,12288.0,786432.0,0.4837370604242641,0.1219268635823856,0.4588271617944932,0.1890982312009221,0.6341931668285268,0.13638509994606934,0.536243704487538,0.18338918803653206,0.447845568780066
grayscale,all,M3_element_prop,shared,"{""k"": 1.1857398345878563e-06}",non-negative nnls_1d,grayscale:float32:3ch:t4,602530.0,150528.0,0.16739138246824345,16,8,12288.0,786432.0,0.9435823470637964,0.05403880349950119,0.3259372797661477,0.0625114393762336,0.09400784255835061,0.06308452803248936,0.3506244871869701,0.069832158386398,0.11742949444815975
grayscale,all,M4_element_affine,shared,"{""k"": 1.0498938752956473e-06, ""b"": 0.06757678633503682}",non-negative scipy.optimize.nnls,grayscale:float32:3ch:t4,602530.0,150528.0,0.16739138246824345,16,8,12288.0,786432.0,0.9790149884681867,0.030166168072669287,0.13006028821598276,0.03812471428528782,0.09835305395975502,0.03647198872073357,0.13456111448136743,0.049199007925423484,0.10321179854184603
grayscale,all,M1_byte_prop_anchored,shared,"{""anchor_ms"": 0.16739138246824345, ""anchor_bytes"": 602530.0}",anchored at a single training point (no fit),grayscale:float32:3ch:t4,602530.0,150528.0,0.16739138246824345,16,8,12288.0,786432.0,0.13960468413544092,0.15415696679217833,0.5758992481663564,0.2441186784677124,0.7730007756437073,0.15802686547189795,0.5848229648501766,0.2366257928192793,0.5957538278746882
grayscale,all,M5_repr_element_affine,float32:3ch,"{""k"": 9.64751274575748e-07, ""b"": 0.06705451198454718}",non-negative scipy.optimize.nnls,grayscale:float32:3ch:t4,602530.0,150528.0,0.16739138246824345,8,4,12288.0,786432.0,0.9918166728421679,0.017748124640375708,0.11452731521464884,0.021735311837994733,0.044885209375641916,0.02942025996677704,0.1257593148432649,0.034262835169635186,0.05142414258669625
grayscale,all,M5_repr_element_affine,uint8:3ch,"{""k"": 1.1350364760155466e-06, ""b"": 0.06809906068552656}",non-negative scipy.optimize.nnls,grayscale:float32:3ch:t4,602530.0,150528.0,0.16739138246824345,8,4,12288.0,786432.0,0.9908304808496375,0.025683246738110063,0.12034890428306547,0.02708224608150365,0.04077545818137768,0.012991565547955611,0.07245481545658093,0.015774128700247126,0.025291514944053087
grayscale,3ch,M2_byte_affine,shared,"{""k"": 2.2843999990861195e-07, ""b"": 0.1776578859146806}",non-negative scipy.optimize.nnls,grayscale:float32:3ch:t4,602530.0,150528.0,0.16739138246824345,16,8,12288.0,786432.0,0.4837370604242641,0.1219268635823856,0.4588271617944932,0.1890982312009221,0.6341931668285268,0.13638509994606934,0.536243704487538,0.18338918803653206,0.447845568780066
grayscale,3ch,M3_element_prop,shared,"{""k"": 1.1857398345878563e-06}",non-negative nnls_1d,grayscale:float32:3ch:t4,602530.0,150528.0,0.16739138246824345,16,8,12288.0,786432.0,0.9435823470637964,0.05403880349950119,0.3259372797661477,0.0625114393762336,0.09400784255835061,0.06308452803248936,0.3506244871869701,0.069832158386398,0.11742949444815975
grayscale,3ch,M4_element_affine,shared,"{""k"": 1.0498938752956473e-06, ""b"": 0.06757678633503682}",non-negative scipy.optimize.nnls,grayscale:float32:3ch:t4,602530.0,150528.0,0.16739138246824345,16,8,12288.0,786432.0,0.9790149884681867,0.030166168072669287,0.13006028821598276,0.03812471428528782,0.09835305395975502,0.03647198872073357,0.13456111448136743,0.049199007925423484,0.10321179854184603
grayscale,3ch,M1_byte_prop_anchored,shared,"{""anchor_ms"": 0.16739138246824345, ""anchor_bytes"": 602530.0}",anchored at a single training point (no fit),grayscale:float32:3ch:t4,602530.0,150528.0,0.16739138246824345,16,8,12288.0,786432.0,0.13960468413544092,0.15415696679217833,0.5758992481663564,0.2441186784677124,0.7730007756437073,0.15802686547189795,0.5848229648501766,0.2366257928192793,0.5957538278746882
grayscale,3ch,M5_repr_element_affine,float32:3ch,"{""k"": 9.64751274575748e-07, ""b"": 0.06705451198454718}",non-negative scipy.optimize.nnls,grayscale:float32:3ch:t4,602530.0,150528.0,0.16739138246824345,8,4,12288.0,786432.0,0.9918166728421679,0.017748124640375708,0.11452731521464884,0.021735311837994733,0.044885209375641916,0.02942025996677704,0.1257593148432649,0.034262835169635186,0.05142414258669625
grayscale,3ch,M5_repr_element_affine,uint8:3ch,"{""k"": 1.1350364760155466e-06, ""b"": 0.06809906068552656}",non-negative scipy.optimize.nnls,grayscale:float32:3ch:t4,602530.0,150528.0,0.16739138246824345,8,4,12288.0,786432.0,0.9908304808496375,0.025683246738110063,0.12034890428306547,0.02708224608150365,0.04077545818137768,0.012991565547955611,0.07245481545658093,0.015774128700247126,0.025291514944053087
flip,all,M2_byte_affine,shared,"{""k"": 7.042098993054028e-08, ""b"": 0.04704857946881423}",non-negative scipy.optimize.nnls,flip:float32:3ch:t4,602530.0,150528.0,0.07433396376048525,24,12,4096.0,786432.0,0.9770049693357803,0.00589992336011333,0.08135860946842259,0.007488935873998517,0.016900666023367636,0.007173747758144211,0.10074929396416656,0.010064705954258587,0.021920853055430983
flip,all,M3_element_prop,shared,"{""k"": 2.799968219117221e-07}",non-negative nnls_1d,flip:float32:3ch:t4,602530.0,150528.0,0.07433396376048525,24,12,4096.0,786432.0,-0.1199371826532516,0.047238521694109616,0.6689471130072765,0.052263675318528165,0.13463950959342752,0.04376982849590433,0.6532291031416283,0.048136191392113316,0.0931949002874749
flip,all,M4_element_affine,shared,"{""k"": 1.6500165277540124e-07, ""b"": 0.05175647766279259}",non-negative scipy.optimize.nnls,flip:float32:3ch:t4,602530.0,150528.0,0.07433396376048525,24,12,4096.0,786432.0,0.5416184455754609,0.018517852231187994,0.18932779455861737,0.03343618210042726,0.09775629219351681,0.015621077975509053,0.17158966244755539,0.03001161624312247,0.07571140667125908
flip,all,M1_byte_prop_anchored,shared,"{""anchor_ms"": 0.07433396376048525, ""anchor_bytes"": 602530.0}",anchored at a single training point (no fit),flip:float32:3ch:t4,602530.0,150528.0,0.07433396376048525,24,12,4096.0,786432.0,0.23857284440409898,0.03625386789260068,0.5294467836325772,0.04309404849511131,0.10886445155150976,0.037179492968763474,0.5492438291876726,0.042283108991793814,0.0797341764760158
flip,all,M5_repr_element_affine,float32:1ch,"{""k"": 2.650513053151554e-07, ""b"": 0.048058413468151664}",non-negative scipy.optimize.nnls,flip:float32:3ch:t4,602530.0,150528.0,0.07433396376048525,8,4,4096.0,262144.0,0.9346959559700575,0.004976665901552339,0.07099168126971594,0.005792216797005143,0.010699754337732084,0.00743999016810944,0.10505732495400472,0.009573852262396593,0.017121742942816084
flip,all,M5_repr_element_affine,float32:3ch,"{""k"": 2.8870294185981675e-07, ""b"": 0.04635527888201223}",non-negative scipy.optimize.nnls,flip:float32:3ch:t4,602530.0,150528.0,0.07433396376048525,8,4,12288.0,786432.0,0.987881517588357,0.006380758077879837,0.07895736972116485,0.007930930742861334,0.015479191553801466,0.0075633551208586,0.0940918591019215,0.011507765949129561,0.022577752430008563
flip,all,M5_repr_element_affine,uint8:3ch,"{""k"": 4.0099076103093834e-08, ""b"": 0.05345796277922953}",non-negative scipy.optimize.nnls,flip:float32:3ch:t4,602530.0,150528.0,0.07433396376048525,8,4,12288.0,786432.0,0.9160059059820147,0.002499171657198659,0.04114901947976418,0.003011694142675709,0.005083090434600507,0.0022606175993024006,0.037708702260146255,0.002298221047339987,0.002658362039573481
flip,1ch,M2_byte_affine,shared,"{""k"": 6.626192822166018e-08, ""b"": 0.04803121516979955}",non-negative scipy.optimize.nnls,flip:float32:1ch:t4,201119.0,50176.0,0.05926343612372875,8,4,4096.0,262144.0,0.9346926090565176,0.004976804870462063,0.07099374341354059,0.005792365224263578,0.010699856324093995,0.007440094539654675,0.1050591423791525,0.009573912406687242,0.01712165363954446
flip,1ch,M3_element_prop,shared,"{""k"": 5.548789946909879e-07}",non-negative nnls_1d,flip:float32:1ch:t4,201119.0,50176.0,0.05926343612372875,8,4,4096.0,262144.0,-1.481330917309542,0.03217914820000101,0.5436093095227523,0.03570401974415453,0.050257612522673856,0.036809178829148886,0.6031407690119382,0.038600372020128844,0.05356809333895372
flip,1ch,M4_element_affine,shared,"{""k"": 2.650513053151554e-07, ""b"": 0.048058413468151664}",non-negative scipy.optimize.nnls,flip:float32:1ch:t4,201119.0,50176.0,0.05926343612372875,8,4,4096.0,262144.0,0.9346959559700575,0.004976665901552339,0.07099168126971594,0.005792216797005143,0.010699754337732084,0.00743999016810944,0.10505732495400472,0.009573852262396593,0.017121742942816084
flip,1ch,M1_byte_prop_anchored,shared,"{""anchor_ms"": 0.05926343612372875, ""anchor_bytes"": 201119.0}",anchored at a single training point (no fit),flip:float32:1ch:t4,201119.0,50176.0,0.05926343612372875,8,4,4096.0,262144.0,-11.125635867409747,0.05688728645681734,0.7302440182847276,0.07892726097501256,0.18367642808680107,0.06094313725776871,0.8504158206826755,0.08160042090887804,0.15255482783483013
flip,1ch,M5_repr_element_affine,float32:1ch,"{""k"": 2.650513053151554e-07, ""b"": 0.048058413468151664}",non-negative scipy.optimize.nnls,flip:float32:1ch:t4,201119.0,50176.0,0.05926343612372875,8,4,4096.0,262144.0,0.9346959559700575,0.004976665901552339,0.07099168126971594,0.005792216797005143,0.010699754337732084,0.00743999016810944,0.10505732495400472,0.009573852262396593,0.017121742942816084
flip,3ch,M2_byte_affine,shared,"{""k"": 7.071351302804436e-08, ""b"": 0.04702775269560112}",non-negative scipy.optimize.nnls,flip:float32:3ch:t4,602530.0,150528.0,0.07433396376048525,16,8,12288.0,786432.0,0.979771593569317,0.006314543721129863,0.08414345858039082,0.008141517257487702,0.01711001221951801,0.006528266274305023,0.09213679869147975,0.009747701111942914,0.022130199544104445
flip,3ch,M3_element_prop,shared,"{""k"": 2.647255900906517e-07}",non-negative nnls_1d,flip:float32:3ch:t4,602530.0,150528.0,0.07433396376048525,16,8,12288.0,786432.0,0.09892558922882755,0.048325899504553564,0.6360458651883045,0.05433814903194019,0.12262972420991948,0.04492789358903384,0.6278530695299577,0.049455905721442504,0.08399990835322657
flip,3ch,M4_element_affine,shared,"{""k"": 1.6440100898145532e-07, ""b"": 0.04990662083062086}",non-negative scipy.optimize.nnls,flip:float32:3ch:t4,602530.0,150528.0,0.07433396376048525,16,8,12288.0,786432.0,0.5074140075768956,0.025204708166497867,0.2536102600702209,0.04017589322793717,0.10007851452584901,0.022068433939567346,0.232556354980133,0.036472011310783925,0.073499895003027
flip,3ch,M1_byte_prop_anchored,shared,"{""anchor_ms"": 0.07433396376048525, ""anchor_bytes"": 602530.0}",anchored at a single training point (no fit),flip:float32:3ch:t4,602530.0,150528.0,0.07433396376048525,16,8,12288.0,786432.0,0.3512461200938035,0.038639740490249666,0.5191174707716658,0.04610674850532845,0.10886445155150976,0.03816912619097038,0.5282550031569817,0.04420635249448381,0.0797341764760158
flip,3ch,M5_repr_element_affine,float32:3ch,"{""k"": 2.8870294185981675e-07, ""b"": 0.04635527888201223}",non-negative scipy.optimize.nnls,flip:float32:3ch:t4,602530.0,150528.0,0.07433396376048525,8,4,12288.0,786432.0,0.987881517588357,0.006380758077879837,0.07895736972116485,0.007930930742861334,0.015479191553801466,0.0075633551208586,0.0940918591019215,0.011507765949129561,0.022577752430008563
flip,3ch,M5_repr_element_affine,uint8:3ch,"{""k"": 4.0099076103093834e-08, ""b"": 0.05345796277922953}",non-negative scipy.optimize.nnls,flip:float32:3ch:t4,602530.0,150528.0,0.07433396376048525,8,4,12288.0,786432.0,0.9160059059820147,0.002499171657198659,0.04114901947976418,0.003011694142675709,0.005083090434600507,0.0022606175993024006,0.037708702260146255,0.002298221047339987,0.002658362039573481
blur,all,M5_repr_element_affine,per_class,per class,"non-negative, per class",,,,,32,16,4096.0,786432.0,0.996987517670051,0.48234810068243317,0.07087238541761369,0.7239834227823626,2.159321084856721,0.5714159314609413,0.0692495675528574,0.9034088748556869,2.4804098438602082
blur,1ch,M5_repr_element_affine,per_class,per class,"non-negative, per class",,,,,16,8,4096.0,262144.0,0.9992489322711027,0.2301274868292895,0.04367134901258123,0.3052138313594485,0.689028314988354,0.4624185989022094,0.04715288124570663,0.9022972357418647,2.4804098438602082
blur,3ch,M5_repr_element_affine,per_class,per class,"non-negative, per class",,,,,16,8,12288.0,786432.0,0.9956597423150152,0.7345687145355769,0.09807342182264614,0.9773169956949569,2.159321084856721,0.6804132640196732,0.09134625386000815,0.9045191477844049,1.831265517703038
jitter,all,M5_repr_element_affine,per_class,per class,"non-negative, per class",,,,,32,16,4096.0,786432.0,0.9797561899492097,1.2094946582424586,0.16228356896835883,2.0918579965631974,5.6669009037967655,0.9428436614233439,0.1466602975639937,1.5978117698049066,3.9217116739429123
jitter,1ch,M5_repr_element_affine,per_class,per class,"non-negative, per class",,,,,16,8,4096.0,262144.0,0.9885995806934119,0.0339760017498494,0.0682890799452605,0.040072307593296705,0.06214617167465042,0.028624839788297676,0.06238558909457559,0.03527483295264661,0.06975655471619169
jitter,3ch,M5_repr_element_affine,per_class,per class,"non-negative, per class",,,,,16,8,12288.0,786432.0,0.9736304633979292,2.385013314735068,0.2562780579914572,2.958062535805309,5.6669009037967655,1.85706248305839,0.23093500603341183,2.259371724531919,3.9217116739429123
crop,all,M5_repr_element_affine,per_class,per class,"non-negative, per class",,,,,32,16,9216.0,602112.0,0.9998788392071261,0.004607289323415517,0.004971320508103672,0.006365849769574295,0.0174662917833881,0.013381625179829805,0.013582287146204033,0.01761362689758729,0.03290768651694054
crop,1ch,M5_repr_element_affine,per_class,per class,"non-negative, per class",,,,,16,8,9216.0,200704.0,0.9806737240240673,0.004267028984817844,0.007133807644545276,0.006378854282072351,0.0174662917833881,0.011046944132188277,0.0180986280412966,0.01638549811575447,0.03290768651694054
crop,3ch,M5_repr_element_affine,per_class,per class,"non-negative, per class",,,,,16,8,27648.0,602112.0,0.9980534154797897,0.00494754966201319,0.002808833371662067,0.00635281863629566,0.01304454937573074,0.015716306227471333,0.009065946251111468,0.018761533958432813,0.032411853116241396
grayscale,all,M5_repr_element_affine,per_class,per class,"non-negative, per class",,,,,16,8,12288.0,786432.0,0.9912950321331391,0.021715685689242887,0.11743810974885716,0.024554753445249596,0.044885209375641916,0.021205912757366326,0.09910706514992293,0.026671754817723842,0.05142414258669625
grayscale,3ch,M5_repr_element_affine,per_class,per class,"non-negative, per class",,,,,16,8,12288.0,786432.0,0.9912950321331391,0.021715685689242887,0.11743810974885716,0.024554753445249596,0.044885209375641916,0.021205912757366326,0.09910706514992293,0.026671754817723842,0.05142414258669625
flip,all,M5_repr_element_affine,per_class,per class,"non-negative, per class",,,,,24,12,4096.0,786432.0,0.9855786397779743,0.004618865212210279,0.06369935682354833,0.005930703709808214,0.015479191553801466,0.005754654296090148,0.07895262877202415,0.008743933978566296,0.022577752430008563
flip,1ch,M5_repr_element_affine,per_class,per class,"non-negative, per class",,,,,8,4,4096.0,262144.0,0.9346959559700575,0.004976665901552339,0.07099168126971594,0.005792216797005143,0.010699754337732084,0.00743999016810944,0.10505732495400472,0.009573852262396593,0.017121742942816084
flip,3ch,M5_repr_element_affine,per_class,per class,"non-negative, per class",,,,,16,8,12288.0,786432.0,0.989018231977408,0.004439964867539248,0.060053194600464516,0.0059987483718310025,0.015479191553801466,0.0049119863600805,0.06590028068103387,0.00829790627575361,0.022577752430008563
