control,config,round,operator,events,wall_ms_mean,wall_ms_median,wall_ms_p90,wall_ms_max,cpu_ms_mean,cpu_ms_median,shape,dtype,contiguous,strides
control_interleaved,L-F,1,B_blur,3032,9.436560889511874,2.555995,34.13368,102.273953,9.433709573218998,2.5560745000000002,1x244x244,torch.uint8,True,59536x244x1
control_interleaved,L-F,1,H_flip,3032,0.074281720646438,0.0795585,0.094416,0.173164,0.07448155540897097,0.079861,1x244x244,torch.uint8,True,59536x244x1
control_interleaved,L-F,1,J_jitter,3032,0.45999599868073876,0.4491805,0.490096,1.545439,0.46115601616094987,0.45049300000000003,1x244x244,torch.uint8,True,59536x244x1
control_interleaved,L-F,2,B_blur,3032,9.621299374340369,2.6329975,34.155982,102.130762,9.619241916556728,2.6323220000000003,1x244x244,torch.uint8,True,59536x244x1
control_interleaved,L-F,2,H_flip,3032,0.0732683166226913,0.075764,0.093447,0.280072,0.07347108179419524,0.07592199999999999,1x244x244,torch.uint8,True,59536x244x1
control_interleaved,L-F,2,J_jitter,3032,0.4662587859498681,0.45287350000000004,0.500432,1.282696,0.4674202856200528,0.45416100000000004,1x244x244,torch.uint8,True,59536x244x1
control_interleaved,L-F,3,B_blur,3032,9.41769041226913,2.5539455,34.13877,102.922576,9.414510622691292,2.554646,1x244x244,torch.uint8,True,59536x244x1
control_interleaved,L-F,3,H_flip,3032,0.07271410356200528,0.0778295,0.09116,0.142885,0.07291235521108179,0.07789850000000001,1x244x244,torch.uint8,True,59536x244x1
control_interleaved,L-F,3,J_jitter,3032,0.4545044673482849,0.44681150000000003,0.477941,1.359901,0.4555943891820581,0.448125,1x244x244,torch.uint8,True,59536x244x1
control_interleaved,L-U,1,B_blur,3032,9.416627333113457,2.579776,34.162852,103.188271,9.414609568931398,2.5800275,1x244x244,torch.uint8,True,59536x244x1
control_interleaved,L-U,1,H_flip,3032,0.052198875989445906,0.0518515,0.090328,0.193706,0.05237338885224274,0.052107,1x244x244,torch.uint8,True,59536x244x1
control_interleaved,L-U,1,J_jitter,3032,0.4477837879287599,0.443009,0.466989,0.682891,0.44873476748021107,0.44410150000000004,1x244x244,torch.uint8,True,59536x244x1
control_interleaved,L-U,2,B_blur,3032,9.738854519459103,2.8825165,34.19779,103.454766,9.735655955474934,2.8744055,1x244x244,torch.uint8,True,59536x244x1
control_interleaved,L-U,2,H_flip,3032,0.05209903693931398,0.052106,0.089999,0.177071,0.05228997328496042,0.052328,1x244x244,torch.uint8,True,59536x244x1
control_interleaved,L-U,2,J_jitter,3032,0.45788637203166227,0.44798550000000004,0.490114,2.871457,0.45871042348284957,0.449065,1x244x244,torch.uint8,True,59536x244x1
control_interleaved,L-U,3,B_blur,3032,9.543529882255937,2.5951345,34.196441,102.218628,9.540713962401055,2.5947565,1x244x244,torch.uint8,True,59536x244x1
control_interleaved,L-U,3,H_flip,3032,0.05211344986807388,0.051664,0.089242,0.181251,0.052319542216358844,0.051935499999999996,1x244x244,torch.uint8,True,59536x244x1
control_interleaved,L-U,3,J_jitter,3032,0.46131760653034304,0.44930400000000004,0.496347,1.263815,0.4622989647097625,0.450377,1x244x244,torch.uint8,True,59536x244x1
control_interleaved,R-F,1,B_blur,3032,11.184304197559367,3.7582630000000004,36.207529,113.977324,11.231325831134564,3.7726755,1x244x244,torch.uint8,True,59536x244x1
control_interleaved,R-F,1,H_flip,3032,0.1091307786939314,0.1031415,0.156011,0.242059,0.10970808410290236,0.103348,1x244x244,torch.uint8,True,59536x244x1
control_interleaved,R-F,1,J_jitter,3032,0.6800526919525066,0.638297,0.969002,1.493438,0.6837270999340369,0.6412074999999999,1x244x244,torch.uint8,True,59536x244x1
control_interleaved,R-F,2,B_blur,3032,11.434966978562006,4.0337015,37.810816,149.608154,11.486436576846964,4.0432145,1x244x244,torch.uint8,True,59536x244x1
control_interleaved,R-F,2,H_flip,3032,0.11257640633245382,0.105922,0.159459,0.259733,0.11305954518469656,0.10622000000000001,1x244x244,torch.uint8,True,59536x244x1
control_interleaved,R-F,2,J_jitter,3032,0.7044287740765172,0.6712279999999999,0.954598,1.25733,0.7088850616754618,0.6746955,1x244x244,torch.uint8,True,59536x244x1
control_interleaved,R-F,3,B_blur,3032,11.300834848614777,3.785741,36.953617,122.545928,11.347752459762532,3.825099,1x244x244,torch.uint8,True,59536x244x1
control_interleaved,R-F,3,H_flip,3032,0.10935084036939313,0.1029345,0.154984,0.275812,0.10999436708443272,0.10348,1x244x244,torch.uint8,True,59536x244x1
control_interleaved,R-F,3,J_jitter,3032,0.6915376431398417,0.647591,1.004966,1.315826,0.6966661639182058,0.651003,1x244x244,torch.uint8,True,59536x244x1
control_interleaved,R-U,1,B_blur,3032,14.065713460422163,5.43232,47.606837,132.57006,14.120350374340369,5.4499145,1x244x244,torch.uint8,True,59536x244x1
control_interleaved,R-U,1,H_flip,3032,0.15527501517150394,0.152766,0.235918,5.639343,0.15623224835092347,0.153391,1x244x244,torch.uint8,True,59536x244x1
control_interleaved,R-U,1,J_jitter,3032,1.0762774927440633,1.1041385,1.339883,2.519488,1.0819570207783642,1.108492,1x244x244,torch.uint8,True,59536x244x1
control_interleaved,R-U,2,B_blur,3032,13.511629827506598,5.3876905,46.045877,133.119665,13.563580559036938,5.401913,1x244x244,torch.uint8,True,59536x244x1
control_interleaved,R-U,2,H_flip,3032,0.15239948449868074,0.152446,0.227792,0.322341,0.15354612071240104,0.1531025,1x244x244,torch.uint8,True,59536x244x1
control_interleaved,R-U,2,J_jitter,3032,1.1739816678759893,1.1247284999999998,1.366771,2.364019,1.1791780280343007,1.129049,1x244x244,torch.uint8,True,59536x244x1
control_interleaved,R-U,3,B_blur,3032,13.904594126649076,5.3998954999999995,48.944815,130.87362,13.956127927770448,5.4100215,1x244x244,torch.uint8,True,59536x244x1
control_interleaved,R-U,3,H_flip,3032,0.15255476451187336,0.15241100000000002,0.236183,0.309612,0.1530012397757256,0.1529935,1x244x244,torch.uint8,True,59536x244x1
control_interleaved,R-U,3,J_jitter,3032,1.1696438525725594,1.128298,1.340007,1.907883,1.1739413611477572,1.132739,1x244x244,torch.uint8,True,59536x244x1
control_samecore,L-F,1,B_blur,3116,9.38255752567394,2.5535955,34.139837,103.15449,9.379414140243902,2.5539585000000002,1x244x244,torch.uint8,True,59536x244x1
control_samecore,L-F,1,H_flip,3116,0.07386569672657253,0.078973,0.092195,0.170348,0.07392103498074454,0.0790675,1x244x244,torch.uint8,True,59536x244x1
control_samecore,L-F,1,J_jitter,3116,0.45322218741976894,0.4447255,0.474522,1.780262,0.45422645089858793,0.44609350000000003,1x244x244,torch.uint8,True,59536x244x1
control_samecore,L-F,2,B_blur,3116,9.430476030166881,2.5602790000000004,34.157252,103.358461,9.427993064505777,2.5605105,1x244x244,torch.uint8,True,59536x244x1
control_samecore,L-F,2,H_flip,3116,0.07372931578947368,0.0772485,0.091946,0.217916,0.07380426893453144,0.077377,1x244x244,torch.uint8,True,59536x244x1
control_samecore,L-F,2,J_jitter,3116,0.45577685494223363,0.447692,0.481628,1.097459,0.4570275799101412,0.4490675,1x244x244,torch.uint8,True,59536x244x1
control_samecore,L-F,3,B_blur,3116,9.533420913992297,2.5801214999999997,34.179261,102.681804,9.530270853979461,2.5797635000000003,1x244x244,torch.uint8,True,59536x244x1
control_samecore,L-F,3,H_flip,3116,0.07350567650834403,0.076216,0.091958,0.21881,0.07357165275994865,0.0764345,1x244x244,torch.uint8,True,59536x244x1
control_samecore,L-F,3,J_jitter,3116,0.45537426604621306,0.445965,0.482327,1.201962,0.45649422304236204,0.4472215,1x244x244,torch.uint8,True,59536x244x1
control_samecore,L-U,1,B_blur,3116,9.856071883825418,3.795129,34.236005,103.77102,9.8531526415276,3.796467,1x244x244,torch.uint8,True,59536x244x1
control_samecore,L-U,1,H_flip,3116,0.05424350866495507,0.054194000000000006,0.091323,0.238309,0.05433540243902439,0.05434,1x244x244,torch.uint8,True,59536x244x1
control_samecore,L-U,1,J_jitter,3116,0.45666380584082156,0.448917,0.483001,0.826544,0.45757017490372276,0.4499475,1x244x244,torch.uint8,True,59536x244x1
control_samecore,L-U,2,B_blur,3116,9.465679428112965,2.591131,34.174178,102.306911,9.462378834724005,2.5910515,1x244x244,torch.uint8,True,59536x244x1
control_samecore,L-U,2,H_flip,3116,0.05202434948652118,0.0519345,0.090234,0.189703,0.05209402727856226,0.0520895,1x244x244,torch.uint8,True,59536x244x1
control_samecore,L-U,2,J_jitter,3116,0.45512780840821565,0.446136,0.482854,1.001196,0.456068682605905,0.4472305,1x244x244,torch.uint8,True,59536x244x1
control_samecore,L-U,3,B_blur,3116,9.524608631899872,2.6002520000000002,34.191011,103.256091,9.522177446084724,2.5994985,1x244x244,torch.uint8,True,59536x244x1
control_samecore,L-U,3,H_flip,3116,0.05220814088575096,0.052046499999999996,0.090282,0.182896,0.052320298138639275,0.052209000000000005,1x244x244,torch.uint8,True,59536x244x1
control_samecore,L-U,3,J_jitter,3116,0.45356164056482673,0.4454665,0.479876,1.006202,0.45448972272143773,0.4465805,1x244x244,torch.uint8,True,59536x244x1
control_samecore,R-F,1,B_blur,3116,11.072917292682927,3.607713,36.675198,160.718417,11.132015307766368,3.625156,1x244x244,torch.uint8,True,59536x244x1
control_samecore,R-F,1,H_flip,3116,0.10952252631578947,0.10279250000000001,0.155867,0.259124,0.11036182220795891,0.1031745,1x244x244,torch.uint8,True,59536x244x1
control_samecore,R-F,1,J_jitter,3116,0.691416599165597,0.6462645,1.006961,1.283807,0.6960940442875482,0.649323,1x244x244,torch.uint8,True,59536x244x1
control_samecore,R-F,2,B_blur,3116,10.478408963414635,3.2696595,34.655036,117.731816,10.522686660783057,3.275614,1x244x244,torch.uint8,True,59536x244x1
control_samecore,R-F,2,H_flip,3116,0.10169445314505776,0.0983275,0.142925,0.279899,0.10220698812580231,0.098717,1x244x244,torch.uint8,True,59536x244x1
control_samecore,R-F,2,J_jitter,3116,0.6459474935815148,0.6121165,0.890039,1.476197,0.6494445487804879,0.6155785,1x244x244,torch.uint8,True,59536x244x1
control_samecore,R-F,3,B_blur,3116,10.979726073491655,3.550731,36.620889,125.416008,11.024601349807446,3.576573,1x244x244,torch.uint8,True,59536x244x1
control_samecore,R-F,3,H_flip,3116,0.10591319929396663,0.099811,0.147674,0.253835,0.10652899679075738,0.100101,1x244x244,torch.uint8,True,59536x244x1
control_samecore,R-F,3,J_jitter,3116,0.6849863276636714,0.6464920000000001,0.998841,1.317513,0.6889618000641848,0.6495115,1x244x244,torch.uint8,True,59536x244x1
control_samecore,R-U,1,B_blur,3116,13.742287670410782,5.4781175,45.287746,123.872386,13.791528722400514,5.491604499999999,1x244x244,torch.uint8,True,59536x244x1
control_samecore,R-U,1,H_flip,3116,0.16091907798459565,0.15822150000000001,0.267862,5.646952,0.1619406550064185,0.1592715,1x244x244,torch.uint8,True,59536x244x1
control_samecore,R-U,1,J_jitter,3116,1.191409760911425,1.1419769999999998,1.387468,27.340774,1.1871722066752246,1.145789,1x244x244,torch.uint8,True,59536x244x1
control_samecore,R-U,2,B_blur,3116,13.990919495507061,5.5874905,46.305228,129.674018,14.037252939345313,5.607192,1x244x244,torch.uint8,True,59536x244x1
control_samecore,R-U,2,H_flip,3116,0.15911217458279847,0.15720099999999998,0.270921,0.345,0.1600815462130937,0.15805249999999998,1x244x244,torch.uint8,True,59536x244x1
control_samecore,R-U,2,J_jitter,3116,1.2012947785622594,1.151113,1.39237,2.230081,1.2073357711810013,1.156671,1x244x244,torch.uint8,True,59536x244x1
control_samecore,R-U,3,B_blur,3116,14.095924453465981,5.570533,46.31343,128.903326,14.143001415917842,5.5867675000000006,1x244x244,torch.uint8,True,59536x244x1
control_samecore,R-U,3,H_flip,3116,0.16252013350449293,0.15987,0.26792,0.391077,0.16316026636713737,0.160599,1x244x244,torch.uint8,True,59536x244x1
control_samecore,R-U,3,J_jitter,3116,1.214126064826701,1.1543325,1.410816,2.172356,1.220433045571245,1.1582555,1x244x244,torch.uint8,True,59536x244x1
