config,level,round,order_index,batch_id,source_records,elapsed_ms_per_batch,compute_sum_ms_per_batch,cpu_sum_ms_per_batch,other_overhead_ms_per_batch,elapsed_ms_per_record,compute_sum_ms_per_record,other_overhead_ms_per_record,compute_A_ms_per_batch,compute_A_ms_per_record,cpu_A_ms_per_batch,compute_B_ms_per_batch,compute_B_ms_per_record,cpu_B_ms_per_batch,compute_C_ms_per_batch,compute_C_ms_per_record,cpu_C_ms_per_batch
U,1,1,0,0,4,144.863514,0.0,0.0,144.863514,36.2158785,0.0,36.2158785,0.0,0.0,0.0,0.0,0.0,0.0,0.0,0.0,0.0
U,1,1,0,1,4,164.191847,0.0,0.0,164.191847,41.04796175,0.0,41.04796175,0.0,0.0,0.0,0.0,0.0,0.0,0.0,0.0,0.0
U,1,1,0,2,4,169.081151,0.0,0.0,169.081151,42.27028775,0.0,42.27028775,0.0,0.0,0.0,0.0,0.0,0.0,0.0,0.0,0.0
U,1,1,0,3,4,139.155319,0.0,0.0,139.155319,34.78882975,0.0,34.78882975,0.0,0.0,0.0,0.0,0.0,0.0,0.0,0.0,0.0
U,1,1,0,4,4,135.266562,0.0,0.0,135.266562,33.8166405,0.0,33.8166405,0.0,0.0,0.0,0.0,0.0,0.0,0.0,0.0,0.0
U,1,1,0,5,4,170.771721,0.0,0.0,170.771721,42.69293025,0.0,42.69293025,0.0,0.0,0.0,0.0,0.0,0.0,0.0,0.0,0.0
U,1,1,0,6,4,140.787684,0.0,0.0,140.787684,35.196921,0.0,35.196921,0.0,0.0,0.0,0.0,0.0,0.0,0.0,0.0,0.0
U,1,1,0,7,4,152.224817,0.0,0.0,152.224817,38.05620425,0.0,38.05620425,0.0,0.0,0.0,0.0,0.0,0.0,0.0,0.0,0.0
U,1,1,0,8,4,157.324384,0.0,0.0,157.324384,39.331096,0.0,39.331096,0.0,0.0,0.0,0.0,0.0,0.0,0.0,0.0,0.0
U,1,1,0,9,4,154.26415,0.0,0.0,154.26415,38.5660375,0.0,38.5660375,0.0,0.0,0.0,0.0,0.0,0.0,0.0,0.0,0.0
U,1,1,0,10,4,145.632904,0.0,0.0,145.632904,36.408226,0.0,36.408226,0.0,0.0,0.0,0.0,0.0,0.0,0.0,0.0,0.0
U,1,1,0,11,4,131.375302,0.0,0.0,131.375302,32.8438255,0.0,32.8438255,0.0,0.0,0.0,0.0,0.0,0.0,0.0,0.0,0.0
U,1,1,0,12,4,174.273073,0.0,0.0,174.273073,43.56826825,0.0,43.56826825,0.0,0.0,0.0,0.0,0.0,0.0,0.0,0.0,0.0
U,1,1,0,13,4,149.020839,0.0,0.0,149.020839,37.25520975,0.0,37.25520975,0.0,0.0,0.0,0.0,0.0,0.0,0.0,0.0,0.0
U,1,1,0,14,4,138.495651,0.0,0.0,138.495651,34.62391275,0.0,34.62391275,0.0,0.0,0.0,0.0,0.0,0.0,0.0,0.0,0.0
U,1,1,0,15,4,167.62328,0.0,0.0,167.62328,41.90582,0.0,41.90582,0.0,0.0,0.0,0.0,0.0,0.0,0.0,0.0,0.0
U,1,1,0,16,4,152.43588,0.0,0.0,152.43588,38.10897,0.0,38.10897,0.0,0.0,0.0,0.0,0.0,0.0,0.0,0.0,0.0
U,1,1,0,17,4,150.910914,0.0,0.0,150.910914,37.7277285,0.0,37.7277285,0.0,0.0,0.0,0.0,0.0,0.0,0.0,0.0,0.0
U,1,1,0,18,4,164.391438,0.0,0.0,164.391438,41.0978595,0.0,41.0978595,0.0,0.0,0.0,0.0,0.0,0.0,0.0,0.0,0.0
U,1,1,0,19,4,137.750848,0.0,0.0,137.750848,34.437712,0.0,34.437712,0.0,0.0,0.0,0.0,0.0,0.0,0.0,0.0,0.0
U,1,1,0,20,4,135.236343,0.0,0.0,135.236343,33.80908575,0.0,33.80908575,0.0,0.0,0.0,0.0,0.0,0.0,0.0,0.0,0.0
U,1,1,0,21,4,162.509512,0.0,0.0,162.509512,40.627378,0.0,40.627378,0.0,0.0,0.0,0.0,0.0,0.0,0.0,0.0,0.0
U,1,1,0,22,4,152.085561,0.0,0.0,152.085561,38.02139025,0.0,38.02139025,0.0,0.0,0.0,0.0,0.0,0.0,0.0,0.0,0.0
U,1,1,0,23,4,138.393754,0.0,0.0,138.393754,34.5984385,0.0,34.5984385,0.0,0.0,0.0,0.0,0.0,0.0,0.0,0.0,0.0
U,1,1,0,24,4,140.898185,0.0,0.0,140.898185,35.22454625,0.0,35.22454625,0.0,0.0,0.0,0.0,0.0,0.0,0.0,0.0,0.0
U,1,1,0,25,4,154.293319,0.0,0.0,154.293319,38.57332975,0.0,38.57332975,0.0,0.0,0.0,0.0,0.0,0.0,0.0,0.0,0.0
U,1,1,0,26,4,149.812549,0.0,0.0,149.812549,37.45313725,0.0,37.45313725,0.0,0.0,0.0,0.0,0.0,0.0,0.0,0.0,0.0
U,1,1,0,27,4,127.226328,0.0,0.0,127.226328,31.806582,0.0,31.806582,0.0,0.0,0.0,0.0,0.0,0.0,0.0,0.0,0.0
U,1,1,0,28,4,173.138219,0.0,0.0,173.138219,43.28455475,0.0,43.28455475,0.0,0.0,0.0,0.0,0.0,0.0,0.0,0.0,0.0
U,1,1,0,29,4,139.575567,0.0,0.0,139.575567,34.89389175,0.0,34.89389175,0.0,0.0,0.0,0.0,0.0,0.0,0.0,0.0,0.0
U,1,1,0,30,4,139.625472,0.0,0.0,139.625472,34.906368,0.0,34.906368,0.0,0.0,0.0,0.0,0.0,0.0,0.0,0.0,0.0
U,1,1,0,31,4,160.586819,0.0,0.0,160.586819,40.14670475,0.0,40.14670475,0.0,0.0,0.0,0.0,0.0,0.0,0.0,0.0,0.0
U,1,1,0,32,4,133.716204,0.0,0.0,133.716204,33.429051,0.0,33.429051,0.0,0.0,0.0,0.0,0.0,0.0,0.0,0.0,0.0
U,1,1,0,33,4,147.832001,0.0,0.0,147.832001,36.95800025,0.0,36.95800025,0.0,0.0,0.0,0.0,0.0,0.0,0.0,0.0,0.0
U,1,1,0,34,4,153.052689,0.0,0.0,153.052689,38.26317225,0.0,38.26317225,0.0,0.0,0.0,0.0,0.0,0.0,0.0,0.0,0.0
U,1,1,0,35,4,162.225275,0.0,0.0,162.225275,40.55631875,0.0,40.55631875,0.0,0.0,0.0,0.0,0.0,0.0,0.0,0.0,0.0
U,1,1,0,36,4,145.530193,0.0,0.0,145.530193,36.38254825,0.0,36.38254825,0.0,0.0,0.0,0.0,0.0,0.0,0.0,0.0,0.0
U,1,1,0,37,4,161.178659,0.0,0.0,161.178659,40.29466475,0.0,40.29466475,0.0,0.0,0.0,0.0,0.0,0.0,0.0,0.0,0.0
U,1,1,0,38,4,165.473213,0.0,0.0,165.473213,41.36830325,0.0,41.36830325,0.0,0.0,0.0,0.0,0.0,0.0,0.0,0.0,0.0
U,1,1,0,39,4,152.374296,0.0,0.0,152.374296,38.093574,0.0,38.093574,0.0,0.0,0.0,0.0,0.0,0.0,0.0,0.0,0.0
U,1,1,0,40,4,147.731949,0.0,0.0,147.731949,36.93298725,0.0,36.93298725,0.0,0.0,0.0,0.0,0.0,0.0,0.0,0.0,0.0
U,1,1,0,41,4,178.048081,0.0,0.0,178.048081,44.51202025,0.0,44.51202025,0.0,0.0,0.0,0.0,0.0,0.0,0.0,0.0,0.0
U,1,1,0,42,4,160.412559,0.0,0.0,160.412559,40.10313975,0.0,40.10313975,0.0,0.0,0.0,0.0,0.0,0.0,0.0,0.0,0.0
U,1,1,0,43,4,140.928554,0.0,0.0,140.928554,35.2321385,0.0,35.2321385,0.0,0.0,0.0,0.0,0.0,0.0,0.0,0.0,0.0
U,1,1,0,44,4,165.675683,0.0,0.0,165.675683,41.41892075,0.0,41.41892075,0.0,0.0,0.0,0.0,0.0,0.0,0.0,0.0,0.0
U,1,1,0,45,4,135.564086,0.0,0.0,135.564086,33.8910215,0.0,33.8910215,0.0,0.0,0.0,0.0,0.0,0.0,0.0,0.0,0.0
U,1,1,0,46,4,131.243519,0.0,0.0,131.243519,32.81087975,0.0,32.81087975,0.0,0.0,0.0,0.0,0.0,0.0,0.0,0.0,0.0
U,1,1,0,47,4,163.223978,0.0,0.0,163.223978,40.8059945,0.0,40.8059945,0.0,0.0,0.0,0.0,0.0,0.0,0.0,0.0,0.0
U,1,1,0,48,4,136.741778,0.0,0.0,136.741778,34.1854445,0.0,34.1854445,0.0,0.0,0.0,0.0,0.0,0.0,0.0,0.0,0.0
U,1,1,0,49,4,148.110089,0.0,0.0,148.110089,37.02752225,0.0,37.02752225,0.0,0.0,0.0,0.0,0.0,0.0,0.0,0.0,0.0
U,1,1,0,50,4,171.558967,0.0,0.0,171.558967,42.88974175,0.0,42.88974175,0.0,0.0,0.0,0.0,0.0,0.0,0.0,0.0,0.0
U,1,1,0,51,4,145.176698,0.0,0.0,145.176698,36.2941745,0.0,36.2941745,0.0,0.0,0.0,0.0,0.0,0.0,0.0,0.0,0.0
U,1,1,0,52,4,139.532734,0.0,0.0,139.532734,34.8831835,0.0,34.8831835,0.0,0.0,0.0,0.0,0.0,0.0,0.0,0.0,0.0
U,1,1,0,53,4,161.10424,0.0,0.0,161.10424,40.27606,0.0,40.27606,0.0,0.0,0.0,0.0,0.0,0.0,0.0,0.0,0.0
U,1,1,0,54,4,137.185046,0.0,0.0,137.185046,34.2962615,0.0,34.2962615,0.0,0.0,0.0,0.0,0.0,0.0,0.0,0.0,0.0
U,1,1,0,55,4,150.072478,0.0,0.0,150.072478,37.5181195,0.0,37.5181195,0.0,0.0,0.0,0.0,0.0,0.0,0.0,0.0,0.0
U,1,1,0,56,4,168.639112,0.0,0.0,168.639112,42.159778,0.0,42.159778,0.0,0.0,0.0,0.0,0.0,0.0,0.0,0.0,0.0
U,1,1,0,57,4,152.137504,0.0,0.0,152.137504,38.034376,0.0,38.034376,0.0,0.0,0.0,0.0,0.0,0.0,0.0,0.0,0.0
U,1,1,0,58,4,142.419294,0.0,0.0,142.419294,35.6048235,0.0,35.6048235,0.0,0.0,0.0,0.0,0.0,0.0,0.0,0.0,0.0
U,1,1,0,59,4,147.079972,0.0,0.0,147.079972,36.769993,0.0,36.769993,0.0,0.0,0.0,0.0,0.0,0.0,0.0,0.0,0.0
U,1,1,0,60,4,166.698197,0.0,0.0,166.698197,41.67454925,0.0,41.67454925,0.0,0.0,0.0,0.0,0.0,0.0,0.0,0.0,0.0
U,1,1,0,61,4,149.434897,0.0,0.0,149.434897,37.35872425,0.0,37.35872425,0.0,0.0,0.0,0.0,0.0,0.0,0.0,0.0,0.0
U,1,1,0,62,4,155.010775,0.0,0.0,155.010775,38.75269375,0.0,38.75269375,0.0,0.0,0.0,0.0,0.0,0.0,0.0,0.0,0.0
U,1,1,0,63,4,157.686736,0.0,0.0,157.686736,39.421684,0.0,39.421684,0.0,0.0,0.0,0.0,0.0,0.0,0.0,0.0,0.0
U,1,1,0,64,4,139.688667,0.0,0.0,139.688667,34.92216675,0.0,34.92216675,0.0,0.0,0.0,0.0,0.0,0.0,0.0,0.0,0.0
U,1,1,0,65,4,129.351032,0.0,0.0,129.351032,32.337758,0.0,32.337758,0.0,0.0,0.0,0.0,0.0,0.0,0.0,0.0,0.0
U,1,1,0,66,4,165.943535,0.0,0.0,165.943535,41.48588375,0.0,41.48588375,0.0,0.0,0.0,0.0,0.0,0.0,0.0,0.0,0.0
U,1,1,0,67,4,138.223608,0.0,0.0,138.223608,34.555902,0.0,34.555902,0.0,0.0,0.0,0.0,0.0,0.0,0.0,0.0,0.0
U,1,1,0,68,4,135.292435,0.0,0.0,135.292435,33.82310875,0.0,33.82310875,0.0,0.0,0.0,0.0,0.0,0.0,0.0,0.0,0.0
U,1,1,0,69,4,162.553418,0.0,0.0,162.553418,40.6383545,0.0,40.6383545,0.0,0.0,0.0,0.0,0.0,0.0,0.0,0.0,0.0
U,1,1,0,70,4,146.041363,0.0,0.0,146.041363,36.51034075,0.0,36.51034075,0.0,0.0,0.0,0.0,0.0,0.0,0.0,0.0,0.0
U,1,1,0,71,4,146.919448,0.0,0.0,146.919448,36.729862,0.0,36.729862,0.0,0.0,0.0,0.0,0.0,0.0,0.0,0.0,0.0
U,1,1,0,72,4,153.599522,0.0,0.0,153.599522,38.3998805,0.0,38.3998805,0.0,0.0,0.0,0.0,0.0,0.0,0.0,0.0,0.0
U,1,1,0,73,4,139.056423,0.0,0.0,139.056423,34.76410575,0.0,34.76410575,0.0,0.0,0.0,0.0,0.0,0.0,0.0,0.0,0.0
U,1,1,0,74,4,144.343957,0.0,0.0,144.343957,36.08598925,0.0,36.08598925,0.0,0.0,0.0,0.0,0.0,0.0,0.0,0.0,0.0
U,1,1,0,75,4,133.00925,0.0,0.0,133.00925,33.2523125,0.0,33.2523125,0.0,0.0,0.0,0.0,0.0,0.0,0.0,0.0,0.0
U,1,1,0,76,4,175.573789,0.0,0.0,175.573789,43.89344725,0.0,43.89344725,0.0,0.0,0.0,0.0,0.0,0.0,0.0,0.0,0.0
U,1,1,0,77,4,146.343166,0.0,0.0,146.343166,36.5857915,0.0,36.5857915,0.0,0.0,0.0,0.0,0.0,0.0,0.0,0.0,0.0
U,1,1,0,78,4,148.906874,0.0,0.0,148.906874,37.2267185,0.0,37.2267185,0.0,0.0,0.0,0.0,0.0,0.0,0.0,0.0,0.0
U,1,1,0,79,4,166.513068,0.0,0.0,166.513068,41.628267,0.0,41.628267,0.0,0.0,0.0,0.0,0.0,0.0,0.0,0.0,0.0
U,1,1,0,80,4,138.055576,0.0,0.0,138.055576,34.513894,0.0,34.513894,0.0,0.0,0.0,0.0,0.0,0.0,0.0,0.0,0.0
U,1,1,0,81,4,143.673486,0.0,0.0,143.673486,35.9183715,0.0,35.9183715,0.0,0.0,0.0,0.0,0.0,0.0,0.0,0.0,0.0
U,1,1,0,82,4,182.06591,0.0,0.0,182.06591,45.5164775,0.0,45.5164775,0.0,0.0,0.0,0.0,0.0,0.0,0.0,0.0,0.0
U,1,1,0,83,4,157.742076,0.0,0.0,157.742076,39.435519,0.0,39.435519,0.0,0.0,0.0,0.0,0.0,0.0,0.0,0.0,0.0
U,1,1,0,84,4,156.429568,0.0,0.0,156.429568,39.107392,0.0,39.107392,0.0,0.0,0.0,0.0,0.0,0.0,0.0,0.0,0.0
U,1,1,0,85,4,163.88819,0.0,0.0,163.88819,40.9720475,0.0,40.9720475,0.0,0.0,0.0,0.0,0.0,0.0,0.0,0.0,0.0
U,1,1,0,86,4,142.76478,0.0,0.0,142.76478,35.691195,0.0,35.691195,0.0,0.0,0.0,0.0,0.0,0.0,0.0,0.0,0.0
U,1,1,0,87,4,138.01578,0.0,0.0,138.01578,34.503945,0.0,34.503945,0.0,0.0,0.0,0.0,0.0,0.0,0.0,0.0,0.0
U,1,1,0,88,4,172.593446,0.0,0.0,172.593446,43.1483615,0.0,43.1483615,0.0,0.0,0.0,0.0,0.0,0.0,0.0,0.0,0.0
U,1,1,0,89,4,142.831295,0.0,0.0,142.831295,35.70782375,0.0,35.70782375,0.0,0.0,0.0,0.0,0.0,0.0,0.0,0.0,0.0
U,1,1,0,90,4,143.912305,0.0,0.0,143.912305,35.97807625,0.0,35.97807625,0.0,0.0,0.0,0.0,0.0,0.0,0.0,0.0,0.0
U,1,1,0,91,4,158.903617,0.0,0.0,158.903617,39.72590425,0.0,39.72590425,0.0,0.0,0.0,0.0,0.0,0.0,0.0,0.0,0.0
U,1,1,0,92,4,140.505795,0.0,0.0,140.505795,35.12644875,0.0,35.12644875,0.0,0.0,0.0,0.0,0.0,0.0,0.0,0.0,0.0
U,1,1,0,93,4,136.015608,0.0,0.0,136.015608,34.003902,0.0,34.003902,0.0,0.0,0.0,0.0,0.0,0.0,0.0,0.0,0.0
U,1,1,0,94,4,125.728633,0.0,0.0,125.728633,31.43215825,0.0,31.43215825,0.0,0.0,0.0,0.0,0.0,0.0,0.0,0.0,0.0
U,1,1,0,95,4,172.694008,0.0,0.0,172.694008,43.173502,0.0,43.173502,0.0,0.0,0.0,0.0,0.0,0.0,0.0,0.0,0.0
U,1,1,0,96,4,152.101416,0.0,0.0,152.101416,38.025354,0.0,38.025354,0.0,0.0,0.0,0.0,0.0,0.0,0.0,0.0,0.0
U,1,1,0,97,4,127.280958,0.0,0.0,127.280958,31.8202395,0.0,31.8202395,0.0,0.0,0.0,0.0,0.0,0.0,0.0,0.0,0.0
U,1,1,0,98,4,161.677491,0.0,0.0,161.677491,40.41937275,0.0,40.41937275,0.0,0.0,0.0,0.0,0.0,0.0,0.0,0.0,0.0
U,1,1,0,99,4,142.411113,0.0,0.0,142.411113,35.60277825,0.0,35.60277825,0.0,0.0,0.0,0.0,0.0,0.0,0.0,0.0,0.0
U,1,1,0,100,4,132.353769,0.0,0.0,132.353769,33.08844225,0.0,33.08844225,0.0,0.0,0.0,0.0,0.0,0.0,0.0,0.0,0.0
U,1,1,0,101,4,146.164539,0.0,0.0,146.164539,36.54113475,0.0,36.54113475,0.0,0.0,0.0,0.0,0.0,0.0,0.0,0.0,0.0
U,1,1,0,102,4,142.809838,0.0,0.0,142.809838,35.7024595,0.0,35.7024595,0.0,0.0,0.0,0.0,0.0,0.0,0.0,0.0,0.0
U,1,1,0,103,4,136.90861,0.0,0.0,136.90861,34.2271525,0.0,34.2271525,0.0,0.0,0.0,0.0,0.0,0.0,0.0,0.0,0.0
U,1,1,0,104,4,123.783165,0.0,0.0,123.783165,30.94579125,0.0,30.94579125,0.0,0.0,0.0,0.0,0.0,0.0,0.0,0.0,0.0
U,1,1,0,105,4,186.241863,0.0,0.0,186.241863,46.56046575,0.0,46.56046575,0.0,0.0,0.0,0.0,0.0,0.0,0.0,0.0,0.0
U,1,1,0,106,4,137.811595,0.0,0.0,137.811595,34.45289875,0.0,34.45289875,0.0,0.0,0.0,0.0,0.0,0.0,0.0,0.0,0.0
U,1,1,0,107,4,128.348751,0.0,0.0,128.348751,32.08718775,0.0,32.08718775,0.0,0.0,0.0,0.0,0.0,0.0,0.0,0.0,0.0
U,1,1,0,108,4,175.926771,0.0,0.0,175.926771,43.98169275,0.0,43.98169275,0.0,0.0,0.0,0.0,0.0,0.0,0.0,0.0,0.0
U,1,1,0,109,4,149.42653,0.0,0.0,149.42653,37.3566325,0.0,37.3566325,0.0,0.0,0.0,0.0,0.0,0.0,0.0,0.0,0.0
U,1,1,0,110,4,131.824115,0.0,0.0,131.824115,32.95602875,0.0,32.95602875,0.0,0.0,0.0,0.0,0.0,0.0,0.0,0.0,0.0
U,1,1,0,111,4,165.138777,0.0,0.0,165.138777,41.28469425,0.0,41.28469425,0.0,0.0,0.0,0.0,0.0,0.0,0.0,0.0,0.0
U,1,1,0,112,4,133.445024,0.0,0.0,133.445024,33.361256,0.0,33.361256,0.0,0.0,0.0,0.0,0.0,0.0,0.0,0.0,0.0
U,1,1,0,113,4,169.045696,0.0,0.0,169.045696,42.261424,0.0,42.261424,0.0,0.0,0.0,0.0,0.0,0.0,0.0,0.0,0.0
U,1,1,0,114,4,189.606326,0.0,0.0,189.606326,47.4015815,0.0,47.4015815,0.0,0.0,0.0,0.0,0.0,0.0,0.0,0.0,0.0
U,1,1,0,115,4,156.62264,0.0,0.0,156.62264,39.15566,0.0,39.15566,0.0,0.0,0.0,0.0,0.0,0.0,0.0,0.0,0.0
U,1,1,0,116,4,155.901993,0.0,0.0,155.901993,38.97549825,0.0,38.97549825,0.0,0.0,0.0,0.0,0.0,0.0,0.0,0.0,0.0
U,1,1,0,117,4,179.938774,0.0,0.0,179.938774,44.9846935,0.0,44.9846935,0.0,0.0,0.0,0.0,0.0,0.0,0.0,0.0,0.0
U,1,1,0,118,4,144.03566,0.0,0.0,144.03566,36.008915,0.0,36.008915,0.0,0.0,0.0,0.0,0.0,0.0,0.0,0.0,0.0
U,1,1,0,119,4,146.014805,0.0,0.0,146.014805,36.50370125,0.0,36.50370125,0.0,0.0,0.0,0.0,0.0,0.0,0.0,0.0,0.0
U,64,1,1,0,4,850.129594,0.0,0.0,850.129594,212.5323985,0.0,212.5323985,0.0,0.0,0.0,0.0,0.0,0.0,0.0,0.0,0.0
U,64,1,1,1,4,836.599302,0.0,0.0,836.599302,209.1498255,0.0,209.1498255,0.0,0.0,0.0,0.0,0.0,0.0,0.0,0.0,0.0
U,64,1,1,2,4,656.495346,0.0,0.0,656.495346,164.1238365,0.0,164.1238365,0.0,0.0,0.0,0.0,0.0,0.0,0.0,0.0,0.0
U,64,1,1,3,4,717.086557,0.0,0.0,717.086557,179.27163925,0.0,179.27163925,0.0,0.0,0.0,0.0,0.0,0.0,0.0,0.0,0.0
U,64,1,1,4,4,713.564152,0.0,0.0,713.564152,178.391038,0.0,178.391038,0.0,0.0,0.0,0.0,0.0,0.0,0.0,0.0,0.0
U,64,1,1,5,4,837.940002,0.0,0.0,837.940002,209.4850005,0.0,209.4850005,0.0,0.0,0.0,0.0,0.0,0.0,0.0,0.0,0.0
U,64,1,1,6,4,884.201529,0.0,0.0,884.201529,221.05038225,0.0,221.05038225,0.0,0.0,0.0,0.0,0.0,0.0,0.0,0.0,0.0
U,64,1,1,7,4,907.464973,0.0,0.0,907.464973,226.86624325,0.0,226.86624325,0.0,0.0,0.0,0.0,0.0,0.0,0.0,0.0,0.0
U,64,1,1,8,4,717.067626,0.0,0.0,717.067626,179.2669065,0.0,179.2669065,0.0,0.0,0.0,0.0,0.0,0.0,0.0,0.0,0.0
U,64,1,1,9,4,670.573821,0.0,0.0,670.573821,167.64345525,0.0,167.64345525,0.0,0.0,0.0,0.0,0.0,0.0,0.0,0.0,0.0
U,64,1,1,10,4,675.887976,0.0,0.0,675.887976,168.971994,0.0,168.971994,0.0,0.0,0.0,0.0,0.0,0.0,0.0,0.0,0.0
U,64,1,1,11,4,691.343819,0.0,0.0,691.343819,172.83595475,0.0,172.83595475,0.0,0.0,0.0,0.0,0.0,0.0,0.0,0.0,0.0
U,64,1,1,12,4,660.91988,0.0,0.0,660.91988,165.22997,0.0,165.22997,0.0,0.0,0.0,0.0,0.0,0.0,0.0,0.0,0.0
U,64,1,1,13,4,583.950661,0.0,0.0,583.950661,145.98766525,0.0,145.98766525,0.0,0.0,0.0,0.0,0.0,0.0,0.0,0.0,0.0
U,64,1,1,14,4,1072.445622,0.0,0.0,1072.445622,268.1114055,0.0,268.1114055,0.0,0.0,0.0,0.0,0.0,0.0,0.0,0.0,0.0
U,64,1,1,15,4,1061.528646,0.0,0.0,1061.528646,265.3821615,0.0,265.3821615,0.0,0.0,0.0,0.0,0.0,0.0,0.0,0.0,0.0
U,64,1,1,16,4,978.38841,0.0,0.0,978.38841,244.5971025,0.0,244.5971025,0.0,0.0,0.0,0.0,0.0,0.0,0.0,0.0,0.0
U,64,1,1,17,4,629.023023,0.0,0.0,629.023023,157.25575575,0.0,157.25575575,0.0,0.0,0.0,0.0,0.0,0.0,0.0,0.0,0.0
U,64,1,1,18,4,545.660106,0.0,0.0,545.660106,136.4150265,0.0,136.4150265,0.0,0.0,0.0,0.0,0.0,0.0,0.0,0.0,0.0
U,64,1,1,19,4,769.770789,0.0,0.0,769.770789,192.44269725,0.0,192.44269725,0.0,0.0,0.0,0.0,0.0,0.0,0.0,0.0,0.0
U,64,1,1,20,4,732.876048,0.0,0.0,732.876048,183.219012,0.0,183.219012,0.0,0.0,0.0,0.0,0.0,0.0,0.0,0.0,0.0
U,64,1,1,21,4,725.159958,0.0,0.0,725.159958,181.2899895,0.0,181.2899895,0.0,0.0,0.0,0.0,0.0,0.0,0.0,0.0,0.0
U,64,1,1,22,4,1030.884902,0.0,0.0,1030.884902,257.7212255,0.0,257.7212255,0.0,0.0,0.0,0.0,0.0,0.0,0.0,0.0,0.0
U,64,1,1,23,4,919.02865,0.0,0.0,919.02865,229.7571625,0.0,229.7571625,0.0,0.0,0.0,0.0,0.0,0.0,0.0,0.0,0.0
U,64,1,1,24,4,735.047758,0.0,0.0,735.047758,183.7619395,0.0,183.7619395,0.0,0.0,0.0,0.0,0.0,0.0,0.0,0.0,0.0
U,64,1,1,25,4,929.089189,0.0,0.0,929.089189,232.27229725,0.0,232.27229725,0.0,0.0,0.0,0.0,0.0,0.0,0.0,0.0,0.0
U,64,1,1,26,4,906.280553,0.0,0.0,906.280553,226.57013825,0.0,226.57013825,0.0,0.0,0.0,0.0,0.0,0.0,0.0,0.0,0.0
U,64,1,1,27,4,852.170729,0.0,0.0,852.170729,213.04268225,0.0,213.04268225,0.0,0.0,0.0,0.0,0.0,0.0,0.0,0.0,0.0
U,64,1,1,28,4,942.849651,0.0,0.0,942.849651,235.71241275,0.0,235.71241275,0.0,0.0,0.0,0.0,0.0,0.0,0.0,0.0,0.0
U,64,1,1,29,4,950.759464,0.0,0.0,950.759464,237.689866,0.0,237.689866,0.0,0.0,0.0,0.0,0.0,0.0,0.0,0.0,0.0
U,64,1,1,30,4,937.664606,0.0,0.0,937.664606,234.4161515,0.0,234.4161515,0.0,0.0,0.0,0.0,0.0,0.0,0.0,0.0,0.0
U,64,1,1,31,4,761.202943,0.0,0.0,761.202943,190.30073575,0.0,190.30073575,0.0,0.0,0.0,0.0,0.0,0.0,0.0,0.0,0.0
U,64,1,1,32,4,611.087535,0.0,0.0,611.087535,152.77188375,0.0,152.77188375,0.0,0.0,0.0,0.0,0.0,0.0,0.0,0.0,0.0
U,64,1,1,33,4,857.310712,0.0,0.0,857.310712,214.327678,0.0,214.327678,0.0,0.0,0.0,0.0,0.0,0.0,0.0,0.0,0.0
U,64,1,1,34,4,975.45602,0.0,0.0,975.45602,243.864005,0.0,243.864005,0.0,0.0,0.0,0.0,0.0,0.0,0.0,0.0,0.0
U,64,1,1,35,4,820.886352,0.0,0.0,820.886352,205.221588,0.0,205.221588,0.0,0.0,0.0,0.0,0.0,0.0,0.0,0.0,0.0
U,64,1,1,36,4,658.815851,0.0,0.0,658.815851,164.70396275,0.0,164.70396275,0.0,0.0,0.0,0.0,0.0,0.0,0.0,0.0,0.0
U,64,1,1,37,4,808.226741,0.0,0.0,808.226741,202.05668525,0.0,202.05668525,0.0,0.0,0.0,0.0,0.0,0.0,0.0,0.0,0.0
U,64,1,1,38,4,930.121118,0.0,0.0,930.121118,232.5302795,0.0,232.5302795,0.0,0.0,0.0,0.0,0.0,0.0,0.0,0.0,0.0
U,64,1,1,39,4,888.485517,0.0,0.0,888.485517,222.12137925,0.0,222.12137925,0.0,0.0,0.0,0.0,0.0,0.0,0.0,0.0,0.0
U,64,1,1,40,4,799.936706,0.0,0.0,799.936706,199.9841765,0.0,199.9841765,0.0,0.0,0.0,0.0,0.0,0.0,0.0,0.0,0.0
U,64,1,1,41,4,861.012265,0.0,0.0,861.012265,215.25306625,0.0,215.25306625,0.0,0.0,0.0,0.0,0.0,0.0,0.0,0.0,0.0
U,64,1,1,42,4,501.681941,0.0,0.0,501.681941,125.42048525,0.0,125.42048525,0.0,0.0,0.0,0.0,0.0,0.0,0.0,0.0,0.0
U,64,1,1,43,4,704.428745,0.0,0.0,704.428745,176.10718625,0.0,176.10718625,0.0,0.0,0.0,0.0,0.0,0.0,0.0,0.0,0.0
U,64,1,1,44,4,744.984935,0.0,0.0,744.984935,186.24623375,0.0,186.24623375,0.0,0.0,0.0,0.0,0.0,0.0,0.0,0.0,0.0
U,64,1,1,45,4,743.159945,0.0,0.0,743.159945,185.78998625,0.0,185.78998625,0.0,0.0,0.0,0.0,0.0,0.0,0.0,0.0,0.0
U,64,1,1,46,4,815.987649,0.0,0.0,815.987649,203.99691225,0.0,203.99691225,0.0,0.0,0.0,0.0,0.0,0.0,0.0,0.0,0.0
U,64,1,1,47,4,657.149279,0.0,0.0,657.149279,164.28731975,0.0,164.28731975,0.0,0.0,0.0,0.0,0.0,0.0,0.0,0.0,0.0
U,64,1,1,48,4,683.610794,0.0,0.0,683.610794,170.9026985,0.0,170.9026985,0.0,0.0,0.0,0.0,0.0,0.0,0.0,0.0,0.0
U,64,1,1,49,4,606.927053,0.0,0.0,606.927053,151.73176325,0.0,151.73176325,0.0,0.0,0.0,0.0,0.0,0.0,0.0,0.0,0.0
U,64,1,1,50,4,874.589945,0.0,0.0,874.589945,218.64748625,0.0,218.64748625,0.0,0.0,0.0,0.0,0.0,0.0,0.0,0.0,0.0
U,64,1,1,51,4,986.880345,0.0,0.0,986.880345,246.72008625,0.0,246.72008625,0.0,0.0,0.0,0.0,0.0,0.0,0.0,0.0,0.0
U,64,1,1,52,4,873.923553,0.0,0.0,873.923553,218.48088825,0.0,218.48088825,0.0,0.0,0.0,0.0,0.0,0.0,0.0,0.0,0.0
U,64,1,1,53,4,871.116005,0.0,0.0,871.116005,217.77900125,0.0,217.77900125,0.0,0.0,0.0,0.0,0.0,0.0,0.0,0.0,0.0
U,64,1,1,54,4,851.851994,0.0,0.0,851.851994,212.9629985,0.0,212.9629985,0.0,0.0,0.0,0.0,0.0,0.0,0.0,0.0,0.0
U,64,1,1,55,4,606.223062,0.0,0.0,606.223062,151.5557655,0.0,151.5557655,0.0,0.0,0.0,0.0,0.0,0.0,0.0,0.0,0.0
U,64,1,1,56,4,826.509785,0.0,0.0,826.509785,206.62744625,0.0,206.62744625,0.0,0.0,0.0,0.0,0.0,0.0,0.0,0.0,0.0
U,64,1,1,57,4,622.892434,0.0,0.0,622.892434,155.7231085,0.0,155.7231085,0.0,0.0,0.0,0.0,0.0,0.0,0.0,0.0,0.0
U,64,1,1,58,4,899.470875,0.0,0.0,899.470875,224.86771875,0.0,224.86771875,0.0,0.0,0.0,0.0,0.0,0.0,0.0,0.0,0.0
U,64,1,1,59,4,495.559483,0.0,0.0,495.559483,123.88987075,0.0,123.88987075,0.0,0.0,0.0,0.0,0.0,0.0,0.0,0.0,0.0
U,64,1,1,60,4,807.434429,0.0,0.0,807.434429,201.85860725,0.0,201.85860725,0.0,0.0,0.0,0.0,0.0,0.0,0.0,0.0,0.0
U,64,1,1,61,4,748.553951,0.0,0.0,748.553951,187.13848775,0.0,187.13848775,0.0,0.0,0.0,0.0,0.0,0.0,0.0,0.0,0.0
U,64,1,1,62,4,985.956824,0.0,0.0,985.956824,246.489206,0.0,246.489206,0.0,0.0,0.0,0.0,0.0,0.0,0.0,0.0,0.0
U,64,1,1,63,4,829.145855,0.0,0.0,829.145855,207.28646375,0.0,207.28646375,0.0,0.0,0.0,0.0,0.0,0.0,0.0,0.0,0.0
U,64,1,1,64,4,561.950533,0.0,0.0,561.950533,140.48763325,0.0,140.48763325,0.0,0.0,0.0,0.0,0.0,0.0,0.0,0.0,0.0
U,64,1,1,65,4,503.316345,0.0,0.0,503.316345,125.82908625,0.0,125.82908625,0.0,0.0,0.0,0.0,0.0,0.0,0.0,0.0,0.0
U,64,1,1,66,4,645.842311,0.0,0.0,645.842311,161.46057775,0.0,161.46057775,0.0,0.0,0.0,0.0,0.0,0.0,0.0,0.0,0.0
U,64,1,1,67,4,839.931438,0.0,0.0,839.931438,209.9828595,0.0,209.9828595,0.0,0.0,0.0,0.0,0.0,0.0,0.0,0.0,0.0
U,64,1,1,68,4,695.071605,0.0,0.0,695.071605,173.76790125,0.0,173.76790125,0.0,0.0,0.0,0.0,0.0,0.0,0.0,0.0,0.0
U,64,1,1,69,4,604.046489,0.0,0.0,604.046489,151.01162225,0.0,151.01162225,0.0,0.0,0.0,0.0,0.0,0.0,0.0,0.0,0.0
U,64,1,1,70,4,707.627897,0.0,0.0,707.627897,176.90697425,0.0,176.90697425,0.0,0.0,0.0,0.0,0.0,0.0,0.0,0.0,0.0
U,64,1,1,71,4,593.967533,0.0,0.0,593.967533,148.49188325,0.0,148.49188325,0.0,0.0,0.0,0.0,0.0,0.0,0.0,0.0,0.0
U,64,1,1,72,4,654.201386,0.0,0.0,654.201386,163.5503465,0.0,163.5503465,0.0,0.0,0.0,0.0,0.0,0.0,0.0,0.0,0.0
U,64,1,1,73,4,810.335803,0.0,0.0,810.335803,202.58395075,0.0,202.58395075,0.0,0.0,0.0,0.0,0.0,0.0,0.0,0.0,0.0
U,64,1,1,74,4,788.879691,0.0,0.0,788.879691,197.21992275,0.0,197.21992275,0.0,0.0,0.0,0.0,0.0,0.0,0.0,0.0,0.0
U,64,1,1,75,4,770.111517,0.0,0.0,770.111517,192.52787925,0.0,192.52787925,0.0,0.0,0.0,0.0,0.0,0.0,0.0,0.0,0.0
U,64,1,1,76,4,972.137765,0.0,0.0,972.137765,243.03444125,0.0,243.03444125,0.0,0.0,0.0,0.0,0.0,0.0,0.0,0.0,0.0
U,64,1,1,77,4,765.827041,0.0,0.0,765.827041,191.45676025,0.0,191.45676025,0.0,0.0,0.0,0.0,0.0,0.0,0.0,0.0,0.0
U,64,1,1,78,4,711.877317,0.0,0.0,711.877317,177.96932925,0.0,177.96932925,0.0,0.0,0.0,0.0,0.0,0.0,0.0,0.0,0.0
U,64,1,1,79,4,497.786257,0.0,0.0,497.786257,124.44656425,0.0,124.44656425,0.0,0.0,0.0,0.0,0.0,0.0,0.0,0.0,0.0
U,64,1,1,80,4,504.442816,0.0,0.0,504.442816,126.110704,0.0,126.110704,0.0,0.0,0.0,0.0,0.0,0.0,0.0,0.0,0.0
U,64,1,1,81,4,491.065521,0.0,0.0,491.065521,122.76638025,0.0,122.76638025,0.0,0.0,0.0,0.0,0.0,0.0,0.0,0.0,0.0
U,64,1,1,82,4,962.47371,0.0,0.0,962.47371,240.6184275,0.0,240.6184275,0.0,0.0,0.0,0.0,0.0,0.0,0.0,0.0,0.0
U,64,1,1,83,4,596.865874,0.0,0.0,596.865874,149.2164685,0.0,149.2164685,0.0,0.0,0.0,0.0,0.0,0.0,0.0,0.0,0.0
U,64,1,1,84,4,644.959389,0.0,0.0,644.959389,161.23984725,0.0,161.23984725,0.0,0.0,0.0,0.0,0.0,0.0,0.0,0.0,0.0
U,64,1,1,85,4,681.744942,0.0,0.0,681.744942,170.4362355,0.0,170.4362355,0.0,0.0,0.0,0.0,0.0,0.0,0.0,0.0,0.0
U,64,1,1,86,4,734.950493,0.0,0.0,734.950493,183.73762325,0.0,183.73762325,0.0,0.0,0.0,0.0,0.0,0.0,0.0,0.0,0.0
U,64,1,1,87,4,878.383588,0.0,0.0,878.383588,219.595897,0.0,219.595897,0.0,0.0,0.0,0.0,0.0,0.0,0.0,0.0,0.0
U,64,1,1,88,4,721.05403,0.0,0.0,721.05403,180.2635075,0.0,180.2635075,0.0,0.0,0.0,0.0,0.0,0.0,0.0,0.0,0.0
U,64,1,1,89,4,899.256728,0.0,0.0,899.256728,224.814182,0.0,224.814182,0.0,0.0,0.0,0.0,0.0,0.0,0.0,0.0,0.0
U,64,1,1,90,4,995.059797,0.0,0.0,995.059797,248.76494925,0.0,248.76494925,0.0,0.0,0.0,0.0,0.0,0.0,0.0,0.0,0.0
U,64,1,1,91,4,1038.993449,0.0,0.0,1038.993449,259.74836225,0.0,259.74836225,0.0,0.0,0.0,0.0,0.0,0.0,0.0,0.0,0.0
U,64,1,1,92,4,488.53894,0.0,0.0,488.53894,122.134735,0.0,122.134735,0.0,0.0,0.0,0.0,0.0,0.0,0.0,0.0,0.0
U,64,1,1,93,4,800.824307,0.0,0.0,800.824307,200.20607675,0.0,200.20607675,0.0,0.0,0.0,0.0,0.0,0.0,0.0,0.0,0.0
U,64,1,1,94,4,857.577341,0.0,0.0,857.577341,214.39433525,0.0,214.39433525,0.0,0.0,0.0,0.0,0.0,0.0,0.0,0.0,0.0
U,64,1,1,95,4,680.92147,0.0,0.0,680.92147,170.2303675,0.0,170.2303675,0.0,0.0,0.0,0.0,0.0,0.0,0.0,0.0,0.0
U,64,1,1,96,4,732.901185,0.0,0.0,732.901185,183.22529625,0.0,183.22529625,0.0,0.0,0.0,0.0,0.0,0.0,0.0,0.0,0.0
U,64,1,1,97,4,502.75345,0.0,0.0,502.75345,125.6883625,0.0,125.6883625,0.0,0.0,0.0,0.0,0.0,0.0,0.0,0.0,0.0
U,64,1,1,98,4,820.035034,0.0,0.0,820.035034,205.0087585,0.0,205.0087585,0.0,0.0,0.0,0.0,0.0,0.0,0.0,0.0,0.0
U,64,1,1,99,4,969.955366,0.0,0.0,969.955366,242.4888415,0.0,242.4888415,0.0,0.0,0.0,0.0,0.0,0.0,0.0,0.0,0.0
U,64,1,1,100,4,714.196771,0.0,0.0,714.196771,178.54919275,0.0,178.54919275,0.0,0.0,0.0,0.0,0.0,0.0,0.0,0.0,0.0
U,64,1,1,101,4,781.209571,0.0,0.0,781.209571,195.30239275,0.0,195.30239275,0.0,0.0,0.0,0.0,0.0,0.0,0.0,0.0,0.0
U,64,1,1,102,4,810.645748,0.0,0.0,810.645748,202.661437,0.0,202.661437,0.0,0.0,0.0,0.0,0.0,0.0,0.0,0.0,0.0
U,64,1,1,103,4,741.314663,0.0,0.0,741.314663,185.32866575,0.0,185.32866575,0.0,0.0,0.0,0.0,0.0,0.0,0.0,0.0,0.0
U,64,1,1,104,4,724.305125,0.0,0.0,724.305125,181.07628125,0.0,181.07628125,0.0,0.0,0.0,0.0,0.0,0.0,0.0,0.0,0.0
U,64,1,1,105,4,631.374238,0.0,0.0,631.374238,157.8435595,0.0,157.8435595,0.0,0.0,0.0,0.0,0.0,0.0,0.0,0.0,0.0
U,64,1,1,106,4,683.313059,0.0,0.0,683.313059,170.82826475,0.0,170.82826475,0.0,0.0,0.0,0.0,0.0,0.0,0.0,0.0,0.0
U,64,1,1,107,4,659.631269,0.0,0.0,659.631269,164.90781725,0.0,164.90781725,0.0,0.0,0.0,0.0,0.0,0.0,0.0,0.0,0.0
U,64,1,1,108,4,673.757995,0.0,0.0,673.757995,168.43949875,0.0,168.43949875,0.0,0.0,0.0,0.0,0.0,0.0,0.0,0.0,0.0
U,64,1,1,109,4,691.435047,0.0,0.0,691.435047,172.85876175,0.0,172.85876175,0.0,0.0,0.0,0.0,0.0,0.0,0.0,0.0,0.0
U,64,1,1,110,4,579.505889,0.0,0.0,579.505889,144.87647225,0.0,144.87647225,0.0,0.0,0.0,0.0,0.0,0.0,0.0,0.0,0.0
U,64,1,1,111,4,724.721081,0.0,0.0,724.721081,181.18027025,0.0,181.18027025,0.0,0.0,0.0,0.0,0.0,0.0,0.0,0.0,0.0
U,64,1,1,112,4,997.225105,0.0,0.0,997.225105,249.30627625,0.0,249.30627625,0.0,0.0,0.0,0.0,0.0,0.0,0.0,0.0,0.0
U,64,1,1,113,4,689.787331,0.0,0.0,689.787331,172.44683275,0.0,172.44683275,0.0,0.0,0.0,0.0,0.0,0.0,0.0,0.0,0.0
U,64,1,1,114,4,596.580825,0.0,0.0,596.580825,149.14520625,0.0,149.14520625,0.0,0.0,0.0,0.0,0.0,0.0,0.0,0.0,0.0
U,64,1,1,115,4,677.605188,0.0,0.0,677.605188,169.401297,0.0,169.401297,0.0,0.0,0.0,0.0,0.0,0.0,0.0,0.0,0.0
U,64,1,1,116,4,695.175353,0.0,0.0,695.175353,173.79383825,0.0,173.79383825,0.0,0.0,0.0,0.0,0.0,0.0,0.0,0.0,0.0
U,64,1,1,117,4,788.935999,0.0,0.0,788.935999,197.23399975,0.0,197.23399975,0.0,0.0,0.0,0.0,0.0,0.0,0.0,0.0,0.0
U,64,1,1,118,4,768.086187,0.0,0.0,768.086187,192.02154675,0.0,192.02154675,0.0,0.0,0.0,0.0,0.0,0.0,0.0,0.0,0.0
U,64,1,1,119,4,775.693584,0.0,0.0,775.693584,193.923396,0.0,193.923396,0.0,0.0,0.0,0.0,0.0,0.0,0.0,0.0,0.0
F,1,1,2,0,4,57.413355,0.0,0.0,57.413355,14.35333875,0.0,14.35333875,0.0,0.0,0.0,0.0,0.0,0.0,0.0,0.0,0.0
F,1,1,2,1,4,61.519097,0.0,0.0,61.519097,15.37977425,0.0,15.37977425,0.0,0.0,0.0,0.0,0.0,0.0,0.0,0.0,0.0
F,1,1,2,2,4,55.499765,0.0,0.0,55.499765,13.87494125,0.0,13.87494125,0.0,0.0,0.0,0.0,0.0,0.0,0.0,0.0,0.0
F,1,1,2,3,4,51.92467,0.0,0.0,51.92467,12.9811675,0.0,12.9811675,0.0,0.0,0.0,0.0,0.0,0.0,0.0,0.0,0.0
F,1,1,2,4,4,69.074351,0.0,0.0,69.074351,17.26858775,0.0,17.26858775,0.0,0.0,0.0,0.0,0.0,0.0,0.0,0.0,0.0
F,1,1,2,5,4,79.803336,0.0,0.0,79.803336,19.950834,0.0,19.950834,0.0,0.0,0.0,0.0,0.0,0.0,0.0,0.0,0.0
F,1,1,2,6,4,55.689995,0.0,0.0,55.689995,13.92249875,0.0,13.92249875,0.0,0.0,0.0,0.0,0.0,0.0,0.0,0.0,0.0
F,1,1,2,7,4,58.209592,0.0,0.0,58.209592,14.552398,0.0,14.552398,0.0,0.0,0.0,0.0,0.0,0.0,0.0,0.0,0.0
F,1,1,2,8,4,56.649433,0.0,0.0,56.649433,14.16235825,0.0,14.16235825,0.0,0.0,0.0,0.0,0.0,0.0,0.0,0.0,0.0
F,1,1,2,9,4,56.10264,0.0,0.0,56.10264,14.02566,0.0,14.02566,0.0,0.0,0.0,0.0,0.0,0.0,0.0,0.0,0.0
F,1,1,2,10,4,50.217043,0.0,0.0,50.217043,12.55426075,0.0,12.55426075,0.0,0.0,0.0,0.0,0.0,0.0,0.0,0.0,0.0
F,1,1,2,11,4,65.428241,0.0,0.0,65.428241,16.35706025,0.0,16.35706025,0.0,0.0,0.0,0.0,0.0,0.0,0.0,0.0,0.0
F,1,1,2,12,4,85.54682,0.0,0.0,85.54682,21.386705,0.0,21.386705,0.0,0.0,0.0,0.0,0.0,0.0,0.0,0.0,0.0
F,1,1,2,13,4,66.951484,0.0,0.0,66.951484,16.737871,0.0,16.737871,0.0,0.0,0.0,0.0,0.0,0.0,0.0,0.0,0.0
F,1,1,2,14,4,56.016375,0.0,0.0,56.016375,14.00409375,0.0,14.00409375,0.0,0.0,0.0,0.0,0.0,0.0,0.0,0.0,0.0
F,1,1,2,15,4,65.334927,0.0,0.0,65.334927,16.33373175,0.0,16.33373175,0.0,0.0,0.0,0.0,0.0,0.0,0.0,0.0,0.0
F,1,1,2,16,4,65.892934,0.0,0.0,65.892934,16.4732335,0.0,16.4732335,0.0,0.0,0.0,0.0,0.0,0.0,0.0,0.0,0.0
F,1,1,2,17,4,52.118235,0.0,0.0,52.118235,13.02955875,0.0,13.02955875,0.0,0.0,0.0,0.0,0.0,0.0,0.0,0.0,0.0
F,1,1,2,18,4,51.738235,0.0,0.0,51.738235,12.93455875,0.0,12.93455875,0.0,0.0,0.0,0.0,0.0,0.0,0.0,0.0,0.0
F,1,1,2,19,4,82.097197,0.0,0.0,82.097197,20.52429925,0.0,20.52429925,0.0,0.0,0.0,0.0,0.0,0.0,0.0,0.0,0.0
F,1,1,2,20,4,54.153156,0.0,0.0,54.153156,13.538289,0.0,13.538289,0.0,0.0,0.0,0.0,0.0,0.0,0.0,0.0,0.0
F,1,1,2,21,4,65.794546,0.0,0.0,65.794546,16.4486365,0.0,16.4486365,0.0,0.0,0.0,0.0,0.0,0.0,0.0,0.0,0.0
F,1,1,2,22,4,62.730048,0.0,0.0,62.730048,15.682512,0.0,15.682512,0.0,0.0,0.0,0.0,0.0,0.0,0.0,0.0,0.0
F,1,1,2,23,4,71.961968,0.0,0.0,71.961968,17.990492,0.0,17.990492,0.0,0.0,0.0,0.0,0.0,0.0,0.0,0.0,0.0
F,1,1,2,24,4,60.722865,0.0,0.0,60.722865,15.18071625,0.0,15.18071625,0.0,0.0,0.0,0.0,0.0,0.0,0.0,0.0,0.0
F,1,1,2,25,4,71.514893,0.0,0.0,71.514893,17.87872325,0.0,17.87872325,0.0,0.0,0.0,0.0,0.0,0.0,0.0,0.0,0.0
F,1,1,2,26,4,79.30886,0.0,0.0,79.30886,19.827215,0.0,19.827215,0.0,0.0,0.0,0.0,0.0,0.0,0.0,0.0,0.0
F,1,1,2,27,4,58.273104,0.0,0.0,58.273104,14.568276,0.0,14.568276,0.0,0.0,0.0,0.0,0.0,0.0,0.0,0.0,0.0
F,1,1,2,28,4,62.817182,0.0,0.0,62.817182,15.7042955,0.0,15.7042955,0.0,0.0,0.0,0.0,0.0,0.0,0.0,0.0,0.0
F,1,1,2,29,4,65.406229,0.0,0.0,65.406229,16.35155725,0.0,16.35155725,0.0,0.0,0.0,0.0,0.0,0.0,0.0,0.0,0.0
F,1,1,2,30,4,54.972007,0.0,0.0,54.972007,13.74300175,0.0,13.74300175,0.0,0.0,0.0,0.0,0.0,0.0,0.0,0.0,0.0
F,1,1,2,31,4,68.534853,0.0,0.0,68.534853,17.13371325,0.0,17.13371325,0.0,0.0,0.0,0.0,0.0,0.0,0.0,0.0,0.0
F,1,1,2,32,4,87.566114,0.0,0.0,87.566114,21.8915285,0.0,21.8915285,0.0,0.0,0.0,0.0,0.0,0.0,0.0,0.0,0.0
F,1,1,2,33,4,72.874467,0.0,0.0,72.874467,18.21861675,0.0,18.21861675,0.0,0.0,0.0,0.0,0.0,0.0,0.0,0.0,0.0
F,1,1,2,34,4,57.189639,0.0,0.0,57.189639,14.29740975,0.0,14.29740975,0.0,0.0,0.0,0.0,0.0,0.0,0.0,0.0,0.0
F,1,1,2,35,4,57.562817,0.0,0.0,57.562817,14.39070425,0.0,14.39070425,0.0,0.0,0.0,0.0,0.0,0.0,0.0,0.0,0.0
F,1,1,2,36,4,71.458329,0.0,0.0,71.458329,17.86458225,0.0,17.86458225,0.0,0.0,0.0,0.0,0.0,0.0,0.0,0.0,0.0
F,1,1,2,37,4,69.522937,0.0,0.0,69.522937,17.38073425,0.0,17.38073425,0.0,0.0,0.0,0.0,0.0,0.0,0.0,0.0,0.0
F,1,1,2,38,4,54.290057,0.0,0.0,54.290057,13.57251425,0.0,13.57251425,0.0,0.0,0.0,0.0,0.0,0.0,0.0,0.0,0.0
F,1,1,2,39,4,95.791991,0.0,0.0,95.791991,23.94799775,0.0,23.94799775,0.0,0.0,0.0,0.0,0.0,0.0,0.0,0.0,0.0
F,1,1,2,40,4,59.138163,0.0,0.0,59.138163,14.78454075,0.0,14.78454075,0.0,0.0,0.0,0.0,0.0,0.0,0.0,0.0,0.0
F,1,1,2,41,4,76.73842,0.0,0.0,76.73842,19.184605,0.0,19.184605,0.0,0.0,0.0,0.0,0.0,0.0,0.0,0.0,0.0
F,1,1,2,42,4,65.787649,0.0,0.0,65.787649,16.44691225,0.0,16.44691225,0.0,0.0,0.0,0.0,0.0,0.0,0.0,0.0,0.0
F,1,1,2,43,4,55.487448,0.0,0.0,55.487448,13.871862,0.0,13.871862,0.0,0.0,0.0,0.0,0.0,0.0,0.0,0.0,0.0
F,1,1,2,44,4,58.992459,0.0,0.0,58.992459,14.74811475,0.0,14.74811475,0.0,0.0,0.0,0.0,0.0,0.0,0.0,0.0,0.0
F,1,1,2,45,4,63.053089,0.0,0.0,63.053089,15.76327225,0.0,15.76327225,0.0,0.0,0.0,0.0,0.0,0.0,0.0,0.0,0.0
F,1,1,2,46,4,77.889192,0.0,0.0,77.889192,19.472298,0.0,19.472298,0.0,0.0,0.0,0.0,0.0,0.0,0.0,0.0,0.0
F,1,1,2,47,4,77.367783,0.0,0.0,77.367783,19.34194575,0.0,19.34194575,0.0,0.0,0.0,0.0,0.0,0.0,0.0,0.0,0.0
F,1,1,2,48,4,63.824915,0.0,0.0,63.824915,15.95622875,0.0,15.95622875,0.0,0.0,0.0,0.0,0.0,0.0,0.0,0.0,0.0
F,1,1,2,49,4,57.512616,0.0,0.0,57.512616,14.378154,0.0,14.378154,0.0,0.0,0.0,0.0,0.0,0.0,0.0,0.0,0.0
F,1,1,2,50,4,65.74853,0.0,0.0,65.74853,16.4371325,0.0,16.4371325,0.0,0.0,0.0,0.0,0.0,0.0,0.0,0.0,0.0
F,1,1,2,51,4,67.684387,0.0,0.0,67.684387,16.92109675,0.0,16.92109675,0.0,0.0,0.0,0.0,0.0,0.0,0.0,0.0,0.0
F,1,1,2,52,4,87.953079,0.0,0.0,87.953079,21.98826975,0.0,21.98826975,0.0,0.0,0.0,0.0,0.0,0.0,0.0,0.0,0.0
F,1,1,2,53,4,64.262433,0.0,0.0,64.262433,16.06560825,0.0,16.06560825,0.0,0.0,0.0,0.0,0.0,0.0,0.0,0.0,0.0
F,1,1,2,54,4,56.538428,0.0,0.0,56.538428,14.134607,0.0,14.134607,0.0,0.0,0.0,0.0,0.0,0.0,0.0,0.0,0.0
F,1,1,2,55,4,67.619932,0.0,0.0,67.619932,16.904983,0.0,16.904983,0.0,0.0,0.0,0.0,0.0,0.0,0.0,0.0,0.0
F,1,1,2,56,4,59.399992,0.0,0.0,59.399992,14.849998,0.0,14.849998,0.0,0.0,0.0,0.0,0.0,0.0,0.0,0.0,0.0
F,1,1,2,57,4,52.568124,0.0,0.0,52.568124,13.142031,0.0,13.142031,0.0,0.0,0.0,0.0,0.0,0.0,0.0,0.0,0.0
F,1,1,2,58,4,61.118042,0.0,0.0,61.118042,15.2795105,0.0,15.2795105,0.0,0.0,0.0,0.0,0.0,0.0,0.0,0.0,0.0
F,1,1,2,59,4,79.685621,0.0,0.0,79.685621,19.92140525,0.0,19.92140525,0.0,0.0,0.0,0.0,0.0,0.0,0.0,0.0,0.0
F,1,1,2,60,4,58.493486,0.0,0.0,58.493486,14.6233715,0.0,14.6233715,0.0,0.0,0.0,0.0,0.0,0.0,0.0,0.0,0.0
F,1,1,2,61,4,69.225909,0.0,0.0,69.225909,17.30647725,0.0,17.30647725,0.0,0.0,0.0,0.0,0.0,0.0,0.0,0.0,0.0
F,1,1,2,62,4,67.497523,0.0,0.0,67.497523,16.87438075,0.0,16.87438075,0.0,0.0,0.0,0.0,0.0,0.0,0.0,0.0,0.0
F,1,1,2,63,4,66.425969,0.0,0.0,66.425969,16.60649225,0.0,16.60649225,0.0,0.0,0.0,0.0,0.0,0.0,0.0,0.0,0.0
F,1,1,2,64,4,43.477143,0.0,0.0,43.477143,10.86928575,0.0,10.86928575,0.0,0.0,0.0,0.0,0.0,0.0,0.0,0.0,0.0
F,1,1,2,65,4,48.452262,0.0,0.0,48.452262,12.1130655,0.0,12.1130655,0.0,0.0,0.0,0.0,0.0,0.0,0.0,0.0,0.0
F,1,1,2,66,4,83.071463,0.0,0.0,83.071463,20.76786575,0.0,20.76786575,0.0,0.0,0.0,0.0,0.0,0.0,0.0,0.0,0.0
F,1,1,2,67,4,53.341128,0.0,0.0,53.341128,13.335282,0.0,13.335282,0.0,0.0,0.0,0.0,0.0,0.0,0.0,0.0,0.0
F,1,1,2,68,4,58.505943,0.0,0.0,58.505943,14.62648575,0.0,14.62648575,0.0,0.0,0.0,0.0,0.0,0.0,0.0,0.0,0.0
F,1,1,2,69,4,63.507834,0.0,0.0,63.507834,15.8769585,0.0,15.8769585,0.0,0.0,0.0,0.0,0.0,0.0,0.0,0.0,0.0
F,1,1,2,70,4,71.196086,0.0,0.0,71.196086,17.7990215,0.0,17.7990215,0.0,0.0,0.0,0.0,0.0,0.0,0.0,0.0,0.0
F,1,1,2,71,4,63.079189,0.0,0.0,63.079189,15.76979725,0.0,15.76979725,0.0,0.0,0.0,0.0,0.0,0.0,0.0,0.0,0.0
F,1,1,2,72,4,77.756032,0.0,0.0,77.756032,19.439008,0.0,19.439008,0.0,0.0,0.0,0.0,0.0,0.0,0.0,0.0,0.0
F,1,1,2,73,4,76.083572,0.0,0.0,76.083572,19.020893,0.0,19.020893,0.0,0.0,0.0,0.0,0.0,0.0,0.0,0.0,0.0
F,1,1,2,74,4,52.778148,0.0,0.0,52.778148,13.194537,0.0,13.194537,0.0,0.0,0.0,0.0,0.0,0.0,0.0,0.0,0.0
F,1,1,2,75,4,59.126993,0.0,0.0,59.126993,14.78174825,0.0,14.78174825,0.0,0.0,0.0,0.0,0.0,0.0,0.0,0.0,0.0
F,1,1,2,76,4,55.670509,0.0,0.0,55.670509,13.91762725,0.0,13.91762725,0.0,0.0,0.0,0.0,0.0,0.0,0.0,0.0,0.0
F,1,1,2,77,4,62.893373,0.0,0.0,62.893373,15.72334325,0.0,15.72334325,0.0,0.0,0.0,0.0,0.0,0.0,0.0,0.0,0.0
F,1,1,2,78,4,75.292295,0.0,0.0,75.292295,18.82307375,0.0,18.82307375,0.0,0.0,0.0,0.0,0.0,0.0,0.0,0.0,0.0
F,1,1,2,79,4,68.496443,0.0,0.0,68.496443,17.12411075,0.0,17.12411075,0.0,0.0,0.0,0.0,0.0,0.0,0.0,0.0,0.0
F,1,1,2,80,4,102.890779,0.0,0.0,102.890779,25.72269475,0.0,25.72269475,0.0,0.0,0.0,0.0,0.0,0.0,0.0,0.0,0.0
F,1,1,2,81,4,60.310692,0.0,0.0,60.310692,15.077673,0.0,15.077673,0.0,0.0,0.0,0.0,0.0,0.0,0.0,0.0,0.0
F,1,1,2,82,4,75.170237,0.0,0.0,75.170237,18.79255925,0.0,18.79255925,0.0,0.0,0.0,0.0,0.0,0.0,0.0,0.0,0.0
F,1,1,2,83,4,71.396263,0.0,0.0,71.396263,17.84906575,0.0,17.84906575,0.0,0.0,0.0,0.0,0.0,0.0,0.0,0.0,0.0
F,1,1,2,84,4,76.617249,0.0,0.0,76.617249,19.15431225,0.0,19.15431225,0.0,0.0,0.0,0.0,0.0,0.0,0.0,0.0,0.0
F,1,1,2,85,4,71.605896,0.0,0.0,71.605896,17.901474,0.0,17.901474,0.0,0.0,0.0,0.0,0.0,0.0,0.0,0.0,0.0
F,1,1,2,86,4,114.111163,0.0,0.0,114.111163,28.52779075,0.0,28.52779075,0.0,0.0,0.0,0.0,0.0,0.0,0.0,0.0,0.0
F,1,1,2,87,4,69.466608,0.0,0.0,69.466608,17.366652,0.0,17.366652,0.0,0.0,0.0,0.0,0.0,0.0,0.0,0.0,0.0
F,1,1,2,88,4,63.140409,0.0,0.0,63.140409,15.78510225,0.0,15.78510225,0.0,0.0,0.0,0.0,0.0,0.0,0.0,0.0,0.0
F,1,1,2,89,4,71.739752,0.0,0.0,71.739752,17.934938,0.0,17.934938,0.0,0.0,0.0,0.0,0.0,0.0,0.0,0.0,0.0
F,1,1,2,90,4,80.586642,0.0,0.0,80.586642,20.1466605,0.0,20.1466605,0.0,0.0,0.0,0.0,0.0,0.0,0.0,0.0,0.0
F,1,1,2,91,4,81.141952,0.0,0.0,81.141952,20.285488,0.0,20.285488,0.0,0.0,0.0,0.0,0.0,0.0,0.0,0.0,0.0
F,1,1,2,92,4,73.264342,0.0,0.0,73.264342,18.3160855,0.0,18.3160855,0.0,0.0,0.0,0.0,0.0,0.0,0.0,0.0,0.0
F,1,1,2,93,4,57.458279,0.0,0.0,57.458279,14.36456975,0.0,14.36456975,0.0,0.0,0.0,0.0,0.0,0.0,0.0,0.0,0.0
F,1,1,2,94,4,77.543954,0.0,0.0,77.543954,19.3859885,0.0,19.3859885,0.0,0.0,0.0,0.0,0.0,0.0,0.0,0.0,0.0
F,1,1,2,95,4,76.664687,0.0,0.0,76.664687,19.16617175,0.0,19.16617175,0.0,0.0,0.0,0.0,0.0,0.0,0.0,0.0,0.0
F,1,1,2,96,4,58.082333,0.0,0.0,58.082333,14.52058325,0.0,14.52058325,0.0,0.0,0.0,0.0,0.0,0.0,0.0,0.0,0.0
F,1,1,2,97,4,62.945223,0.0,0.0,62.945223,15.73630575,0.0,15.73630575,0.0,0.0,0.0,0.0,0.0,0.0,0.0,0.0,0.0
F,1,1,2,98,4,99.454916,0.0,0.0,99.454916,24.863729,0.0,24.863729,0.0,0.0,0.0,0.0,0.0,0.0,0.0,0.0,0.0
F,1,1,2,99,4,63.127976,0.0,0.0,63.127976,15.781994,0.0,15.781994,0.0,0.0,0.0,0.0,0.0,0.0,0.0,0.0,0.0
F,1,1,2,100,4,69.640834,0.0,0.0,69.640834,17.4102085,0.0,17.4102085,0.0,0.0,0.0,0.0,0.0,0.0,0.0,0.0,0.0
F,1,1,2,101,4,69.95292,0.0,0.0,69.95292,17.48823,0.0,17.48823,0.0,0.0,0.0,0.0,0.0,0.0,0.0,0.0,0.0
F,1,1,2,102,4,69.764017,0.0,0.0,69.764017,17.44100425,0.0,17.44100425,0.0,0.0,0.0,0.0,0.0,0.0,0.0,0.0,0.0
F,1,1,2,103,4,56.117897,0.0,0.0,56.117897,14.02947425,0.0,14.02947425,0.0,0.0,0.0,0.0,0.0,0.0,0.0,0.0,0.0
F,1,1,2,104,4,88.576366,0.0,0.0,88.576366,22.1440915,0.0,22.1440915,0.0,0.0,0.0,0.0,0.0,0.0,0.0,0.0,0.0
F,1,1,2,105,4,71.896169,0.0,0.0,71.896169,17.97404225,0.0,17.97404225,0.0,0.0,0.0,0.0,0.0,0.0,0.0,0.0,0.0
F,1,1,2,106,4,64.244313,0.0,0.0,64.244313,16.06107825,0.0,16.06107825,0.0,0.0,0.0,0.0,0.0,0.0,0.0,0.0,0.0
F,1,1,2,107,4,56.230581,0.0,0.0,56.230581,14.05764525,0.0,14.05764525,0.0,0.0,0.0,0.0,0.0,0.0,0.0,0.0,0.0
F,1,1,2,108,4,62.237125,0.0,0.0,62.237125,15.55928125,0.0,15.55928125,0.0,0.0,0.0,0.0,0.0,0.0,0.0,0.0,0.0
F,1,1,2,109,4,61.466306,0.0,0.0,61.466306,15.3665765,0.0,15.3665765,0.0,0.0,0.0,0.0,0.0,0.0,0.0,0.0,0.0
F,1,1,2,110,4,79.814998,0.0,0.0,79.814998,19.9537495,0.0,19.9537495,0.0,0.0,0.0,0.0,0.0,0.0,0.0,0.0,0.0
F,1,1,2,111,4,64.669373,0.0,0.0,64.669373,16.16734325,0.0,16.16734325,0.0,0.0,0.0,0.0,0.0,0.0,0.0,0.0,0.0
F,1,1,2,112,4,54.719014,0.0,0.0,54.719014,13.6797535,0.0,13.6797535,0.0,0.0,0.0,0.0,0.0,0.0,0.0,0.0,0.0
F,1,1,2,113,4,70.278163,0.0,0.0,70.278163,17.56954075,0.0,17.56954075,0.0,0.0,0.0,0.0,0.0,0.0,0.0,0.0,0.0
F,1,1,2,114,4,71.941595,0.0,0.0,71.941595,17.98539875,0.0,17.98539875,0.0,0.0,0.0,0.0,0.0,0.0,0.0,0.0,0.0
F,1,1,2,115,4,60.139289,0.0,0.0,60.139289,15.03482225,0.0,15.03482225,0.0,0.0,0.0,0.0,0.0,0.0,0.0,0.0,0.0
F,1,1,2,116,4,77.734687,0.0,0.0,77.734687,19.43367175,0.0,19.43367175,0.0,0.0,0.0,0.0,0.0,0.0,0.0,0.0,0.0
F,1,1,2,117,4,112.727511,0.0,0.0,112.727511,28.18187775,0.0,28.18187775,0.0,0.0,0.0,0.0,0.0,0.0,0.0,0.0,0.0
F,1,1,2,118,4,61.317442,0.0,0.0,61.317442,15.3293605,0.0,15.3293605,0.0,0.0,0.0,0.0,0.0,0.0,0.0,0.0,0.0
F,1,1,2,119,4,76.144701,0.0,0.0,76.144701,19.03617525,0.0,19.03617525,0.0,0.0,0.0,0.0,0.0,0.0,0.0,0.0,0.0
F,64,1,3,0,4,431.194174,0.0,0.0,431.194174,107.7985435,0.0,107.7985435,0.0,0.0,0.0,0.0,0.0,0.0,0.0,0.0,0.0
F,64,1,3,1,4,840.792097,0.0,0.0,840.792097,210.19802425,0.0,210.19802425,0.0,0.0,0.0,0.0,0.0,0.0,0.0,0.0,0.0
F,64,1,3,2,4,480.450833,0.0,0.0,480.450833,120.11270825,0.0,120.11270825,0.0,0.0,0.0,0.0,0.0,0.0,0.0,0.0,0.0
F,64,1,3,3,4,430.857435,0.0,0.0,430.857435,107.71435875,0.0,107.71435875,0.0,0.0,0.0,0.0,0.0,0.0,0.0,0.0,0.0
F,64,1,3,4,4,704.772428,0.0,0.0,704.772428,176.193107,0.0,176.193107,0.0,0.0,0.0,0.0,0.0,0.0,0.0,0.0,0.0
F,64,1,3,5,4,441.949636,0.0,0.0,441.949636,110.487409,0.0,110.487409,0.0,0.0,0.0,0.0,0.0,0.0,0.0,0.0,0.0
F,64,1,3,6,4,704.785449,0.0,0.0,704.785449,176.19636225,0.0,176.19636225,0.0,0.0,0.0,0.0,0.0,0.0,0.0,0.0,0.0
F,64,1,3,7,4,715.671319,0.0,0.0,715.671319,178.91782975,0.0,178.91782975,0.0,0.0,0.0,0.0,0.0,0.0,0.0,0.0,0.0
F,64,1,3,8,4,407.123184,0.0,0.0,407.123184,101.780796,0.0,101.780796,0.0,0.0,0.0,0.0,0.0,0.0,0.0,0.0,0.0
F,64,1,3,9,4,691.559409,0.0,0.0,691.559409,172.88985225,0.0,172.88985225,0.0,0.0,0.0,0.0,0.0,0.0,0.0,0.0,0.0
F,64,1,3,10,4,415.025987,0.0,0.0,415.025987,103.75649675,0.0,103.75649675,0.0,0.0,0.0,0.0,0.0,0.0,0.0,0.0,0.0
F,64,1,3,11,4,576.983901,0.0,0.0,576.983901,144.24597525,0.0,144.24597525,0.0,0.0,0.0,0.0,0.0,0.0,0.0,0.0,0.0
F,64,1,3,12,4,544.285415,0.0,0.0,544.285415,136.07135375,0.0,136.07135375,0.0,0.0,0.0,0.0,0.0,0.0,0.0,0.0,0.0
F,64,1,3,13,4,479.483235,0.0,0.0,479.483235,119.87080875,0.0,119.87080875,0.0,0.0,0.0,0.0,0.0,0.0,0.0,0.0,0.0
F,64,1,3,14,4,405.333262,0.0,0.0,405.333262,101.3333155,0.0,101.3333155,0.0,0.0,0.0,0.0,0.0,0.0,0.0,0.0,0.0
F,64,1,3,15,4,443.935512,0.0,0.0,443.935512,110.983878,0.0,110.983878,0.0,0.0,0.0,0.0,0.0,0.0,0.0,0.0,0.0
F,64,1,3,16,4,596.525785,0.0,0.0,596.525785,149.13144625,0.0,149.13144625,0.0,0.0,0.0,0.0,0.0,0.0,0.0,0.0,0.0
F,64,1,3,17,4,413.023673,0.0,0.0,413.023673,103.25591825,0.0,103.25591825,0.0,0.0,0.0,0.0,0.0,0.0,0.0,0.0,0.0
F,64,1,3,18,4,479.975706,0.0,0.0,479.975706,119.9939265,0.0,119.9939265,0.0,0.0,0.0,0.0,0.0,0.0,0.0,0.0,0.0
F,64,1,3,19,4,407.63454,0.0,0.0,407.63454,101.908635,0.0,101.908635,0.0,0.0,0.0,0.0,0.0,0.0,0.0,0.0,0.0
F,64,1,3,20,4,717.766269,0.0,0.0,717.766269,179.44156725,0.0,179.44156725,0.0,0.0,0.0,0.0,0.0,0.0,0.0,0.0,0.0
F,64,1,3,21,4,414.889982,0.0,0.0,414.889982,103.7224955,0.0,103.7224955,0.0,0.0,0.0,0.0,0.0,0.0,0.0,0.0,0.0
F,64,1,3,22,4,427.300553,0.0,0.0,427.300553,106.82513825,0.0,106.82513825,0.0,0.0,0.0,0.0,0.0,0.0,0.0,0.0,0.0
F,64,1,3,23,4,676.554669,0.0,0.0,676.554669,169.13866725,0.0,169.13866725,0.0,0.0,0.0,0.0,0.0,0.0,0.0,0.0,0.0
F,64,1,3,24,4,537.071389,0.0,0.0,537.071389,134.26784725,0.0,134.26784725,0.0,0.0,0.0,0.0,0.0,0.0,0.0,0.0,0.0
F,64,1,3,25,4,723.203687,0.0,0.0,723.203687,180.80092175,0.0,180.80092175,0.0,0.0,0.0,0.0,0.0,0.0,0.0,0.0,0.0
F,64,1,3,26,4,664.165505,0.0,0.0,664.165505,166.04137625,0.0,166.04137625,0.0,0.0,0.0,0.0,0.0,0.0,0.0,0.0,0.0
F,64,1,3,27,4,445.06421,0.0,0.0,445.06421,111.2660525,0.0,111.2660525,0.0,0.0,0.0,0.0,0.0,0.0,0.0,0.0,0.0
F,64,1,3,28,4,875.606048,0.0,0.0,875.606048,218.901512,0.0,218.901512,0.0,0.0,0.0,0.0,0.0,0.0,0.0,0.0,0.0
F,64,1,3,29,4,411.532292,0.0,0.0,411.532292,102.883073,0.0,102.883073,0.0,0.0,0.0,0.0,0.0,0.0,0.0,0.0,0.0
F,64,1,3,30,4,575.037877,0.0,0.0,575.037877,143.75946925,0.0,143.75946925,0.0,0.0,0.0,0.0,0.0,0.0,0.0,0.0,0.0
F,64,1,3,31,4,477.876417,0.0,0.0,477.876417,119.46910425,0.0,119.46910425,0.0,0.0,0.0,0.0,0.0,0.0,0.0,0.0,0.0
F,64,1,3,32,4,877.212862,0.0,0.0,877.212862,219.3032155,0.0,219.3032155,0.0,0.0,0.0,0.0,0.0,0.0,0.0,0.0,0.0
F,64,1,3,33,4,518.713755,0.0,0.0,518.713755,129.67843875,0.0,129.67843875,0.0,0.0,0.0,0.0,0.0,0.0,0.0,0.0,0.0
F,64,1,3,34,4,838.733118,0.0,0.0,838.733118,209.6832795,0.0,209.6832795,0.0,0.0,0.0,0.0,0.0,0.0,0.0,0.0,0.0
F,64,1,3,35,4,421.653081,0.0,0.0,421.653081,105.41327025,0.0,105.41327025,0.0,0.0,0.0,0.0,0.0,0.0,0.0,0.0,0.0
F,64,1,3,36,4,411.942194,0.0,0.0,411.942194,102.9855485,0.0,102.9855485,0.0,0.0,0.0,0.0,0.0,0.0,0.0,0.0,0.0
F,64,1,3,37,4,514.569707,0.0,0.0,514.569707,128.64242675,0.0,128.64242675,0.0,0.0,0.0,0.0,0.0,0.0,0.0,0.0,0.0
F,64,1,3,38,4,500.030431,0.0,0.0,500.030431,125.00760775,0.0,125.00760775,0.0,0.0,0.0,0.0,0.0,0.0,0.0,0.0,0.0
F,64,1,3,39,4,473.647807,0.0,0.0,473.647807,118.41195175,0.0,118.41195175,0.0,0.0,0.0,0.0,0.0,0.0,0.0,0.0,0.0
F,64,1,3,40,4,560.13535,0.0,0.0,560.13535,140.0338375,0.0,140.0338375,0.0,0.0,0.0,0.0,0.0,0.0,0.0,0.0,0.0
F,64,1,3,41,4,419.82853,0.0,0.0,419.82853,104.9571325,0.0,104.9571325,0.0,0.0,0.0,0.0,0.0,0.0,0.0,0.0,0.0
F,64,1,3,42,4,547.388474,0.0,0.0,547.388474,136.8471185,0.0,136.8471185,0.0,0.0,0.0,0.0,0.0,0.0,0.0,0.0,0.0
F,64,1,3,43,4,636.68135,0.0,0.0,636.68135,159.1703375,0.0,159.1703375,0.0,0.0,0.0,0.0,0.0,0.0,0.0,0.0,0.0
F,64,1,3,44,4,990.281128,0.0,0.0,990.281128,247.570282,0.0,247.570282,0.0,0.0,0.0,0.0,0.0,0.0,0.0,0.0,0.0
F,64,1,3,45,4,670.917188,0.0,0.0,670.917188,167.729297,0.0,167.729297,0.0,0.0,0.0,0.0,0.0,0.0,0.0,0.0,0.0
F,64,1,3,46,4,880.109027,0.0,0.0,880.109027,220.02725675,0.0,220.02725675,0.0,0.0,0.0,0.0,0.0,0.0,0.0,0.0,0.0
F,64,1,3,47,4,402.515283,0.0,0.0,402.515283,100.62882075,0.0,100.62882075,0.0,0.0,0.0,0.0,0.0,0.0,0.0,0.0,0.0
F,64,1,3,48,4,556.767148,0.0,0.0,556.767148,139.191787,0.0,139.191787,0.0,0.0,0.0,0.0,0.0,0.0,0.0,0.0,0.0
F,64,1,3,49,4,496.294427,0.0,0.0,496.294427,124.07360675,0.0,124.07360675,0.0,0.0,0.0,0.0,0.0,0.0,0.0,0.0,0.0
F,64,1,3,50,4,632.344099,0.0,0.0,632.344099,158.08602475,0.0,158.08602475,0.0,0.0,0.0,0.0,0.0,0.0,0.0,0.0,0.0
F,64,1,3,51,4,416.0111,0.0,0.0,416.0111,104.002775,0.0,104.002775,0.0,0.0,0.0,0.0,0.0,0.0,0.0,0.0,0.0
F,64,1,3,52,4,710.516619,0.0,0.0,710.516619,177.62915475,0.0,177.62915475,0.0,0.0,0.0,0.0,0.0,0.0,0.0,0.0,0.0
F,64,1,3,53,4,516.14932,0.0,0.0,516.14932,129.03733,0.0,129.03733,0.0,0.0,0.0,0.0,0.0,0.0,0.0,0.0,0.0
F,64,1,3,54,4,515.304943,0.0,0.0,515.304943,128.82623575,0.0,128.82623575,0.0,0.0,0.0,0.0,0.0,0.0,0.0,0.0,0.0
F,64,1,3,55,4,404.162014,0.0,0.0,404.162014,101.0405035,0.0,101.0405035,0.0,0.0,0.0,0.0,0.0,0.0,0.0,0.0,0.0
F,64,1,3,56,4,485.747555,0.0,0.0,485.747555,121.43688875,0.0,121.43688875,0.0,0.0,0.0,0.0,0.0,0.0,0.0,0.0,0.0
F,64,1,3,57,4,411.127275,0.0,0.0,411.127275,102.78181875,0.0,102.78181875,0.0,0.0,0.0,0.0,0.0,0.0,0.0,0.0,0.0
F,64,1,3,58,4,674.514286,0.0,0.0,674.514286,168.6285715,0.0,168.6285715,0.0,0.0,0.0,0.0,0.0,0.0,0.0,0.0,0.0
F,64,1,3,59,4,554.894527,0.0,0.0,554.894527,138.72363175,0.0,138.72363175,0.0,0.0,0.0,0.0,0.0,0.0,0.0,0.0,0.0
F,64,1,3,60,4,485.737946,0.0,0.0,485.737946,121.4344865,0.0,121.4344865,0.0,0.0,0.0,0.0,0.0,0.0,0.0,0.0,0.0
F,64,1,3,61,4,432.234619,0.0,0.0,432.234619,108.05865475,0.0,108.05865475,0.0,0.0,0.0,0.0,0.0,0.0,0.0,0.0,0.0
F,64,1,3,62,4,476.864724,0.0,0.0,476.864724,119.216181,0.0,119.216181,0.0,0.0,0.0,0.0,0.0,0.0,0.0,0.0,0.0
F,64,1,3,63,4,715.387126,0.0,0.0,715.387126,178.8467815,0.0,178.8467815,0.0,0.0,0.0,0.0,0.0,0.0,0.0,0.0,0.0
F,64,1,3,64,4,409.401641,0.0,0.0,409.401641,102.35041025,0.0,102.35041025,0.0,0.0,0.0,0.0,0.0,0.0,0.0,0.0,0.0
F,64,1,3,65,4,480.662135,0.0,0.0,480.662135,120.16553375,0.0,120.16553375,0.0,0.0,0.0,0.0,0.0,0.0,0.0,0.0,0.0
F,64,1,3,66,4,408.003542,0.0,0.0,408.003542,102.0008855,0.0,102.0008855,0.0,0.0,0.0,0.0,0.0,0.0,0.0,0.0,0.0
F,64,1,3,67,4,478.900305,0.0,0.0,478.900305,119.72507625,0.0,119.72507625,0.0,0.0,0.0,0.0,0.0,0.0,0.0,0.0,0.0
F,64,1,3,68,4,474.276544,0.0,0.0,474.276544,118.569136,0.0,118.569136,0.0,0.0,0.0,0.0,0.0,0.0,0.0,0.0,0.0
F,64,1,3,69,4,570.025037,0.0,0.0,570.025037,142.50625925,0.0,142.50625925,0.0,0.0,0.0,0.0,0.0,0.0,0.0,0.0,0.0
F,64,1,3,70,4,772.441169,0.0,0.0,772.441169,193.11029225,0.0,193.11029225,0.0,0.0,0.0,0.0,0.0,0.0,0.0,0.0,0.0
F,64,1,3,71,4,420.272414,0.0,0.0,420.272414,105.0681035,0.0,105.0681035,0.0,0.0,0.0,0.0,0.0,0.0,0.0,0.0,0.0
F,64,1,3,72,4,475.785097,0.0,0.0,475.785097,118.94627425,0.0,118.94627425,0.0,0.0,0.0,0.0,0.0,0.0,0.0,0.0,0.0
F,64,1,3,73,4,576.795488,0.0,0.0,576.795488,144.198872,0.0,144.198872,0.0,0.0,0.0,0.0,0.0,0.0,0.0,0.0,0.0
F,64,1,3,74,4,545.661416,0.0,0.0,545.661416,136.415354,0.0,136.415354,0.0,0.0,0.0,0.0,0.0,0.0,0.0,0.0,0.0
F,64,1,3,75,4,847.408509,0.0,0.0,847.408509,211.85212725,0.0,211.85212725,0.0,0.0,0.0,0.0,0.0,0.0,0.0,0.0,0.0
F,64,1,3,76,4,512.861542,0.0,0.0,512.861542,128.2153855,0.0,128.2153855,0.0,0.0,0.0,0.0,0.0,0.0,0.0,0.0,0.0
F,64,1,3,77,4,850.86646,0.0,0.0,850.86646,212.716615,0.0,212.716615,0.0,0.0,0.0,0.0,0.0,0.0,0.0,0.0,0.0
F,64,1,3,78,4,509.81733,0.0,0.0,509.81733,127.4543325,0.0,127.4543325,0.0,0.0,0.0,0.0,0.0,0.0,0.0,0.0,0.0
F,64,1,3,79,4,416.907426,0.0,0.0,416.907426,104.2268565,0.0,104.2268565,0.0,0.0,0.0,0.0,0.0,0.0,0.0,0.0,0.0
F,64,1,3,80,4,502.564984,0.0,0.0,502.564984,125.641246,0.0,125.641246,0.0,0.0,0.0,0.0,0.0,0.0,0.0,0.0,0.0
F,64,1,3,81,4,782.080098,0.0,0.0,782.080098,195.5200245,0.0,195.5200245,0.0,0.0,0.0,0.0,0.0,0.0,0.0,0.0,0.0
F,64,1,3,82,4,511.656213,0.0,0.0,511.656213,127.91405325,0.0,127.91405325,0.0,0.0,0.0,0.0,0.0,0.0,0.0,0.0,0.0
F,64,1,3,83,4,734.769969,0.0,0.0,734.769969,183.69249225,0.0,183.69249225,0.0,0.0,0.0,0.0,0.0,0.0,0.0,0.0,0.0
F,64,1,3,84,4,426.875559,0.0,0.0,426.875559,106.71888975,0.0,106.71888975,0.0,0.0,0.0,0.0,0.0,0.0,0.0,0.0,0.0
F,64,1,3,85,4,476.148655,0.0,0.0,476.148655,119.03716375,0.0,119.03716375,0.0,0.0,0.0,0.0,0.0,0.0,0.0,0.0,0.0
F,64,1,3,86,4,593.273908,0.0,0.0,593.273908,148.318477,0.0,148.318477,0.0,0.0,0.0,0.0,0.0,0.0,0.0,0.0,0.0
F,64,1,3,87,4,511.050575,0.0,0.0,511.050575,127.76264375,0.0,127.76264375,0.0,0.0,0.0,0.0,0.0,0.0,0.0,0.0,0.0
F,64,1,3,88,4,573.110644,0.0,0.0,573.110644,143.277661,0.0,143.277661,0.0,0.0,0.0,0.0,0.0,0.0,0.0,0.0,0.0
F,64,1,3,89,4,530.805997,0.0,0.0,530.805997,132.70149925,0.0,132.70149925,0.0,0.0,0.0,0.0,0.0,0.0,0.0,0.0,0.0
F,64,1,3,90,4,958.265163,0.0,0.0,958.265163,239.56629075,0.0,239.56629075,0.0,0.0,0.0,0.0,0.0,0.0,0.0,0.0,0.0
F,64,1,3,91,4,1009.996056,0.0,0.0,1009.996056,252.499014,0.0,252.499014,0.0,0.0,0.0,0.0,0.0,0.0,0.0,0.0,0.0
F,64,1,3,92,4,429.961032,0.0,0.0,429.961032,107.490258,0.0,107.490258,0.0,0.0,0.0,0.0,0.0,0.0,0.0,0.0,0.0
F,64,1,3,93,4,530.288933,0.0,0.0,530.288933,132.57223325,0.0,132.57223325,0.0,0.0,0.0,0.0,0.0,0.0,0.0,0.0,0.0
F,64,1,3,94,4,610.227987,0.0,0.0,610.227987,152.55699675,0.0,152.55699675,0.0,0.0,0.0,0.0,0.0,0.0,0.0,0.0,0.0
F,64,1,3,95,4,594.322262,0.0,0.0,594.322262,148.5805655,0.0,148.5805655,0.0,0.0,0.0,0.0,0.0,0.0,0.0,0.0,0.0
F,64,1,3,96,4,414.1921,0.0,0.0,414.1921,103.548025,0.0,103.548025,0.0,0.0,0.0,0.0,0.0,0.0,0.0,0.0,0.0
F,64,1,3,97,4,664.977703,0.0,0.0,664.977703,166.24442575,0.0,166.24442575,0.0,0.0,0.0,0.0,0.0,0.0,0.0,0.0,0.0
F,64,1,3,98,4,702.746938,0.0,0.0,702.746938,175.6867345,0.0,175.6867345,0.0,0.0,0.0,0.0,0.0,0.0,0.0,0.0,0.0
F,64,1,3,99,4,478.238966,0.0,0.0,478.238966,119.5597415,0.0,119.5597415,0.0,0.0,0.0,0.0,0.0,0.0,0.0,0.0,0.0
F,64,1,3,100,4,624.839499,0.0,0.0,624.839499,156.20987475,0.0,156.20987475,0.0,0.0,0.0,0.0,0.0,0.0,0.0,0.0,0.0
F,64,1,3,101,4,540.646517,0.0,0.0,540.646517,135.16162925,0.0,135.16162925,0.0,0.0,0.0,0.0,0.0,0.0,0.0,0.0,0.0
F,64,1,3,102,4,541.77811,0.0,0.0,541.77811,135.4445275,0.0,135.4445275,0.0,0.0,0.0,0.0,0.0,0.0,0.0,0.0,0.0
F,64,1,3,103,4,550.38358,0.0,0.0,550.38358,137.595895,0.0,137.595895,0.0,0.0,0.0,0.0,0.0,0.0,0.0,0.0,0.0
F,64,1,3,104,4,415.716772,0.0,0.0,415.716772,103.929193,0.0,103.929193,0.0,0.0,0.0,0.0,0.0,0.0,0.0,0.0,0.0
F,64,1,3,105,4,448.030387,0.0,0.0,448.030387,112.00759675,0.0,112.00759675,0.0,0.0,0.0,0.0,0.0,0.0,0.0,0.0,0.0
F,64,1,3,106,4,582.826482,0.0,0.0,582.826482,145.7066205,0.0,145.7066205,0.0,0.0,0.0,0.0,0.0,0.0,0.0,0.0,0.0
F,64,1,3,107,4,579.696423,0.0,0.0,579.696423,144.92410575,0.0,144.92410575,0.0,0.0,0.0,0.0,0.0,0.0,0.0,0.0,0.0
F,64,1,3,108,4,403.843423,0.0,0.0,403.843423,100.96085575,0.0,100.96085575,0.0,0.0,0.0,0.0,0.0,0.0,0.0,0.0,0.0
F,64,1,3,109,4,421.355323,0.0,0.0,421.355323,105.33883075,0.0,105.33883075,0.0,0.0,0.0,0.0,0.0,0.0,0.0,0.0,0.0
F,64,1,3,110,4,608.892262,0.0,0.0,608.892262,152.2230655,0.0,152.2230655,0.0,0.0,0.0,0.0,0.0,0.0,0.0,0.0,0.0
F,64,1,3,111,4,532.229301,0.0,0.0,532.229301,133.05732525,0.0,133.05732525,0.0,0.0,0.0,0.0,0.0,0.0,0.0,0.0,0.0
F,64,1,3,112,4,757.965223,0.0,0.0,757.965223,189.49130575,0.0,189.49130575,0.0,0.0,0.0,0.0,0.0,0.0,0.0,0.0,0.0
F,64,1,3,113,4,423.253357,0.0,0.0,423.253357,105.81333925,0.0,105.81333925,0.0,0.0,0.0,0.0,0.0,0.0,0.0,0.0,0.0
F,64,1,3,114,4,517.346318,0.0,0.0,517.346318,129.3365795,0.0,129.3365795,0.0,0.0,0.0,0.0,0.0,0.0,0.0,0.0,0.0
F,64,1,3,115,4,531.913725,0.0,0.0,531.913725,132.97843125,0.0,132.97843125,0.0,0.0,0.0,0.0,0.0,0.0,0.0,0.0,0.0
F,64,1,3,116,4,734.924504,0.0,0.0,734.924504,183.731126,0.0,183.731126,0.0,0.0,0.0,0.0,0.0,0.0,0.0,0.0,0.0
F,64,1,3,117,4,634.575795,0.0,0.0,634.575795,158.64394875,0.0,158.64394875,0.0,0.0,0.0,0.0,0.0,0.0,0.0,0.0,0.0
F,64,1,3,118,4,887.455079,0.0,0.0,887.455079,221.86376975,0.0,221.86376975,0.0,0.0,0.0,0.0,0.0,0.0,0.0,0.0,0.0
F,64,1,3,119,4,897.363235,0.0,0.0,897.363235,224.34080875,0.0,224.34080875,0.0,0.0,0.0,0.0,0.0,0.0,0.0,0.0,0.0
P,64,1,4,0,4,470.70117,0.0,0.0,470.70117,117.6752925,0.0,117.6752925,0.0,0.0,0.0,0.0,0.0,0.0,0.0,0.0,0.0
P,64,1,4,1,4,706.725947,0.0,0.0,706.725947,176.68148675,0.0,176.68148675,0.0,0.0,0.0,0.0,0.0,0.0,0.0,0.0,0.0
P,64,1,4,2,4,646.674374,0.0,0.0,646.674374,161.6685935,0.0,161.6685935,0.0,0.0,0.0,0.0,0.0,0.0,0.0,0.0,0.0
P,64,1,4,3,4,687.00032,0.0,0.0,687.00032,171.75008,0.0,171.75008,0.0,0.0,0.0,0.0,0.0,0.0,0.0,0.0,0.0
P,64,1,4,4,4,559.153235,0.0,0.0,559.153235,139.78830875,0.0,139.78830875,0.0,0.0,0.0,0.0,0.0,0.0,0.0,0.0,0.0
P,64,1,4,5,4,680.801686,0.0,0.0,680.801686,170.2004215,0.0,170.2004215,0.0,0.0,0.0,0.0,0.0,0.0,0.0,0.0,0.0
P,64,1,4,6,4,722.579086,0.0,0.0,722.579086,180.6447715,0.0,180.6447715,0.0,0.0,0.0,0.0,0.0,0.0,0.0,0.0,0.0
P,64,1,4,7,4,626.7869,0.0,0.0,626.7869,156.696725,0.0,156.696725,0.0,0.0,0.0,0.0,0.0,0.0,0.0,0.0,0.0
P,64,1,4,8,4,739.109589,0.0,0.0,739.109589,184.77739725,0.0,184.77739725,0.0,0.0,0.0,0.0,0.0,0.0,0.0,0.0,0.0
P,64,1,4,9,4,833.543174,0.0,0.0,833.543174,208.3857935,0.0,208.3857935,0.0,0.0,0.0,0.0,0.0,0.0,0.0,0.0,0.0
P,64,1,4,10,4,841.757465,0.0,0.0,841.757465,210.43936625,0.0,210.43936625,0.0,0.0,0.0,0.0,0.0,0.0,0.0,0.0,0.0
P,64,1,4,11,4,638.012741,0.0,0.0,638.012741,159.50318525,0.0,159.50318525,0.0,0.0,0.0,0.0,0.0,0.0,0.0,0.0,0.0
P,64,1,4,12,4,632.481,0.0,0.0,632.481,158.12025,0.0,158.12025,0.0,0.0,0.0,0.0,0.0,0.0,0.0,0.0,0.0
P,64,1,4,13,4,596.33041,0.0,0.0,596.33041,149.0826025,0.0,149.0826025,0.0,0.0,0.0,0.0,0.0,0.0,0.0,0.0,0.0
P,64,1,4,14,4,895.379075,0.0,0.0,895.379075,223.84476875,0.0,223.84476875,0.0,0.0,0.0,0.0,0.0,0.0,0.0,0.0,0.0
P,64,1,4,15,4,797.119539,0.0,0.0,797.119539,199.27988475,0.0,199.27988475,0.0,0.0,0.0,0.0,0.0,0.0,0.0,0.0,0.0
P,64,1,4,16,4,739.3248,0.0,0.0,739.3248,184.8312,0.0,184.8312,0.0,0.0,0.0,0.0,0.0,0.0,0.0,0.0,0.0
P,64,1,4,17,4,1040.215825,0.0,0.0,1040.215825,260.05395625,0.0,260.05395625,0.0,0.0,0.0,0.0,0.0,0.0,0.0,0.0,0.0
P,64,1,4,18,4,865.388225,0.0,0.0,865.388225,216.34705625,0.0,216.34705625,0.0,0.0,0.0,0.0,0.0,0.0,0.0,0.0,0.0
P,64,1,4,19,4,809.84039,0.0,0.0,809.84039,202.4600975,0.0,202.4600975,0.0,0.0,0.0,0.0,0.0,0.0,0.0,0.0,0.0
P,64,1,4,20,4,1034.25141,0.0,0.0,1034.25141,258.5628525,0.0,258.5628525,0.0,0.0,0.0,0.0,0.0,0.0,0.0,0.0,0.0
P,64,1,4,21,4,1038.856992,0.0,0.0,1038.856992,259.714248,0.0,259.714248,0.0,0.0,0.0,0.0,0.0,0.0,0.0,0.0,0.0
P,64,1,4,22,4,553.739213,0.0,0.0,553.739213,138.43480325,0.0,138.43480325,0.0,0.0,0.0,0.0,0.0,0.0,0.0,0.0,0.0
P,64,1,4,23,4,692.150598,0.0,0.0,692.150598,173.0376495,0.0,173.0376495,0.0,0.0,0.0,0.0,0.0,0.0,0.0,0.0,0.0
P,64,1,4,24,4,627.530204,0.0,0.0,627.530204,156.882551,0.0,156.882551,0.0,0.0,0.0,0.0,0.0,0.0,0.0,0.0,0.0
P,64,1,4,25,4,504.139684,0.0,0.0,504.139684,126.034921,0.0,126.034921,0.0,0.0,0.0,0.0,0.0,0.0,0.0,0.0,0.0
P,64,1,4,26,4,643.352543,0.0,0.0,643.352543,160.83813575,0.0,160.83813575,0.0,0.0,0.0,0.0,0.0,0.0,0.0,0.0,0.0
P,64,1,4,27,4,785.767454,0.0,0.0,785.767454,196.4418635,0.0,196.4418635,0.0,0.0,0.0,0.0,0.0,0.0,0.0,0.0,0.0
P,64,1,4,28,4,448.680116,0.0,0.0,448.680116,112.170029,0.0,112.170029,0.0,0.0,0.0,0.0,0.0,0.0,0.0,0.0,0.0
P,64,1,4,29,4,455.283399,0.0,0.0,455.283399,113.82084975,0.0,113.82084975,0.0,0.0,0.0,0.0,0.0,0.0,0.0,0.0,0.0
P,64,1,4,30,4,593.347094,0.0,0.0,593.347094,148.3367735,0.0,148.3367735,0.0,0.0,0.0,0.0,0.0,0.0,0.0,0.0,0.0
P,64,1,4,31,4,773.98301,0.0,0.0,773.98301,193.4957525,0.0,193.4957525,0.0,0.0,0.0,0.0,0.0,0.0,0.0,0.0,0.0
P,64,1,4,32,4,637.88069,0.0,0.0,637.88069,159.4701725,0.0,159.4701725,0.0,0.0,0.0,0.0,0.0,0.0,0.0,0.0,0.0
P,64,1,4,33,4,695.432155,0.0,0.0,695.432155,173.85803875,0.0,173.85803875,0.0,0.0,0.0,0.0,0.0,0.0,0.0,0.0,0.0
P,64,1,4,34,4,537.674003,0.0,0.0,537.674003,134.41850075,0.0,134.41850075,0.0,0.0,0.0,0.0,0.0,0.0,0.0,0.0,0.0
P,64,1,4,35,4,571.925295,0.0,0.0,571.925295,142.98132375,0.0,142.98132375,0.0,0.0,0.0,0.0,0.0,0.0,0.0,0.0,0.0
P,64,1,4,36,4,654.165742,0.0,0.0,654.165742,163.5414355,0.0,163.5414355,0.0,0.0,0.0,0.0,0.0,0.0,0.0,0.0,0.0
P,64,1,4,37,4,718.274174,0.0,0.0,718.274174,179.5685435,0.0,179.5685435,0.0,0.0,0.0,0.0,0.0,0.0,0.0,0.0,0.0
P,64,1,4,38,4,644.855058,0.0,0.0,644.855058,161.2137645,0.0,161.2137645,0.0,0.0,0.0,0.0,0.0,0.0,0.0,0.0,0.0
P,64,1,4,39,4,624.553387,0.0,0.0,624.553387,156.13834675,0.0,156.13834675,0.0,0.0,0.0,0.0,0.0,0.0,0.0,0.0,0.0
P,64,1,4,40,4,840.940169,0.0,0.0,840.940169,210.23504225,0.0,210.23504225,0.0,0.0,0.0,0.0,0.0,0.0,0.0,0.0,0.0
P,64,1,4,41,4,898.170555,0.0,0.0,898.170555,224.54263875,0.0,224.54263875,0.0,0.0,0.0,0.0,0.0,0.0,0.0,0.0,0.0
P,64,1,4,42,4,578.62047,0.0,0.0,578.62047,144.6551175,0.0,144.6551175,0.0,0.0,0.0,0.0,0.0,0.0,0.0,0.0,0.0
P,64,1,4,43,4,643.613509,0.0,0.0,643.613509,160.90337725,0.0,160.90337725,0.0,0.0,0.0,0.0,0.0,0.0,0.0,0.0,0.0
P,64,1,4,44,4,626.393599,0.0,0.0,626.393599,156.59839975,0.0,156.59839975,0.0,0.0,0.0,0.0,0.0,0.0,0.0,0.0,0.0
P,64,1,4,45,4,538.421177,0.0,0.0,538.421177,134.60529425,0.0,134.60529425,0.0,0.0,0.0,0.0,0.0,0.0,0.0,0.0,0.0
P,64,1,4,46,4,541.513045,0.0,0.0,541.513045,135.37826125,0.0,135.37826125,0.0,0.0,0.0,0.0,0.0,0.0,0.0,0.0,0.0
P,64,1,4,47,4,676.546568,0.0,0.0,676.546568,169.136642,0.0,169.136642,0.0,0.0,0.0,0.0,0.0,0.0,0.0,0.0,0.0
P,64,1,4,48,4,457.65526,0.0,0.0,457.65526,114.413815,0.0,114.413815,0.0,0.0,0.0,0.0,0.0,0.0,0.0,0.0,0.0
P,64,1,4,49,4,638.238664,0.0,0.0,638.238664,159.559666,0.0,159.559666,0.0,0.0,0.0,0.0,0.0,0.0,0.0,0.0,0.0
P,64,1,4,50,4,672.970969,0.0,0.0,672.970969,168.24274225,0.0,168.24274225,0.0,0.0,0.0,0.0,0.0,0.0,0.0,0.0,0.0
P,64,1,4,51,4,736.481889,0.0,0.0,736.481889,184.12047225,0.0,184.12047225,0.0,0.0,0.0,0.0,0.0,0.0,0.0,0.0,0.0
P,64,1,4,52,4,597.927248,0.0,0.0,597.927248,149.481812,0.0,149.481812,0.0,0.0,0.0,0.0,0.0,0.0,0.0,0.0,0.0
P,64,1,4,53,4,814.266179,0.0,0.0,814.266179,203.56654475,0.0,203.56654475,0.0,0.0,0.0,0.0,0.0,0.0,0.0,0.0,0.0
P,64,1,4,54,4,531.515057,0.0,0.0,531.515057,132.87876425,0.0,132.87876425,0.0,0.0,0.0,0.0,0.0,0.0,0.0,0.0,0.0
P,64,1,4,55,4,576.224552,0.0,0.0,576.224552,144.056138,0.0,144.056138,0.0,0.0,0.0,0.0,0.0,0.0,0.0,0.0,0.0
P,64,1,4,56,4,743.286509,0.0,0.0,743.286509,185.82162725,0.0,185.82162725,0.0,0.0,0.0,0.0,0.0,0.0,0.0,0.0,0.0
P,64,1,4,57,4,479.196378,0.0,0.0,479.196378,119.7990945,0.0,119.7990945,0.0,0.0,0.0,0.0,0.0,0.0,0.0,0.0,0.0
P,64,1,4,58,4,462.990762,0.0,0.0,462.990762,115.7476905,0.0,115.7476905,0.0,0.0,0.0,0.0,0.0,0.0,0.0,0.0,0.0
P,64,1,4,59,4,754.454746,0.0,0.0,754.454746,188.6136865,0.0,188.6136865,0.0,0.0,0.0,0.0,0.0,0.0,0.0,0.0,0.0
P,64,1,4,60,4,690.447614,0.0,0.0,690.447614,172.6119035,0.0,172.6119035,0.0,0.0,0.0,0.0,0.0,0.0,0.0,0.0,0.0
P,64,1,4,61,4,626.104307,0.0,0.0,626.104307,156.52607675,0.0,156.52607675,0.0,0.0,0.0,0.0,0.0,0.0,0.0,0.0,0.0
P,64,1,4,62,4,965.382117,0.0,0.0,965.382117,241.34552925,0.0,241.34552925,0.0,0.0,0.0,0.0,0.0,0.0,0.0,0.0,0.0
P,64,1,4,63,4,670.806221,0.0,0.0,670.806221,167.70155525,0.0,167.70155525,0.0,0.0,0.0,0.0,0.0,0.0,0.0,0.0,0.0
P,64,1,4,64,4,528.55611,0.0,0.0,528.55611,132.1390275,0.0,132.1390275,0.0,0.0,0.0,0.0,0.0,0.0,0.0,0.0,0.0
P,64,1,4,65,4,757.388396,0.0,0.0,757.388396,189.347099,0.0,189.347099,0.0,0.0,0.0,0.0,0.0,0.0,0.0,0.0,0.0
P,64,1,4,66,4,626.505291,0.0,0.0,626.505291,156.62632275,0.0,156.62632275,0.0,0.0,0.0,0.0,0.0,0.0,0.0,0.0,0.0
P,64,1,4,67,4,678.815732,0.0,0.0,678.815732,169.703933,0.0,169.703933,0.0,0.0,0.0,0.0,0.0,0.0,0.0,0.0,0.0
P,64,1,4,68,4,652.392025,0.0,0.0,652.392025,163.09800625,0.0,163.09800625,0.0,0.0,0.0,0.0,0.0,0.0,0.0,0.0,0.0
P,64,1,4,69,4,465.214441,0.0,0.0,465.214441,116.30361025,0.0,116.30361025,0.0,0.0,0.0,0.0,0.0,0.0,0.0,0.0,0.0
P,64,1,4,70,4,665.07297,0.0,0.0,665.07297,166.2682425,0.0,166.2682425,0.0,0.0,0.0,0.0,0.0,0.0,0.0,0.0,0.0
P,64,1,4,71,4,647.951988,0.0,0.0,647.951988,161.987997,0.0,161.987997,0.0,0.0,0.0,0.0,0.0,0.0,0.0,0.0,0.0
P,64,1,4,72,4,664.09713,0.0,0.0,664.09713,166.0242825,0.0,166.0242825,0.0,0.0,0.0,0.0,0.0,0.0,0.0,0.0,0.0
P,64,1,4,73,4,654.582455,0.0,0.0,654.582455,163.64561375,0.0,163.64561375,0.0,0.0,0.0,0.0,0.0,0.0,0.0,0.0,0.0
P,64,1,4,74,4,539.061723,0.0,0.0,539.061723,134.76543075,0.0,134.76543075,0.0,0.0,0.0,0.0,0.0,0.0,0.0,0.0,0.0
P,64,1,4,75,4,507.196497,0.0,0.0,507.196497,126.79912425,0.0,126.79912425,0.0,0.0,0.0,0.0,0.0,0.0,0.0,0.0,0.0
P,64,1,4,76,4,726.632552,0.0,0.0,726.632552,181.658138,0.0,181.658138,0.0,0.0,0.0,0.0,0.0,0.0,0.0,0.0,0.0
P,64,1,4,77,4,633.330471,0.0,0.0,633.330471,158.33261775,0.0,158.33261775,0.0,0.0,0.0,0.0,0.0,0.0,0.0,0.0,0.0
P,64,1,4,78,4,449.326162,0.0,0.0,449.326162,112.3315405,0.0,112.3315405,0.0,0.0,0.0,0.0,0.0,0.0,0.0,0.0,0.0
P,64,1,4,79,4,643.435034,0.0,0.0,643.435034,160.8587585,0.0,160.8587585,0.0,0.0,0.0,0.0,0.0,0.0,0.0,0.0,0.0
P,64,1,4,80,4,548.036246,0.0,0.0,548.036246,137.0090615,0.0,137.0090615,0.0,0.0,0.0,0.0,0.0,0.0,0.0,0.0,0.0
P,64,1,4,81,4,652.1079,0.0,0.0,652.1079,163.026975,0.0,163.026975,0.0,0.0,0.0,0.0,0.0,0.0,0.0,0.0,0.0
P,64,1,4,82,4,514.37998,0.0,0.0,514.37998,128.594995,0.0,128.594995,0.0,0.0,0.0,0.0,0.0,0.0,0.0,0.0,0.0
P,64,1,4,83,4,743.043763,0.0,0.0,743.043763,185.76094075,0.0,185.76094075,0.0,0.0,0.0,0.0,0.0,0.0,0.0,0.0,0.0
P,64,1,4,84,4,638.132326,0.0,0.0,638.132326,159.5330815,0.0,159.5330815,0.0,0.0,0.0,0.0,0.0,0.0,0.0,0.0,0.0
P,64,1,4,85,4,511.483503,0.0,0.0,511.483503,127.87087575,0.0,127.87087575,0.0,0.0,0.0,0.0,0.0,0.0,0.0,0.0,0.0
P,64,1,4,86,4,481.154826,0.0,0.0,481.154826,120.2887065,0.0,120.2887065,0.0,0.0,0.0,0.0,0.0,0.0,0.0,0.0,0.0
P,64,1,4,87,4,551.682545,0.0,0.0,551.682545,137.92063625,0.0,137.92063625,0.0,0.0,0.0,0.0,0.0,0.0,0.0,0.0,0.0
P,64,1,4,88,4,488.896723,0.0,0.0,488.896723,122.22418075,0.0,122.22418075,0.0,0.0,0.0,0.0,0.0,0.0,0.0,0.0,0.0
P,64,1,4,89,4,542.46206,0.0,0.0,542.46206,135.615515,0.0,135.615515,0.0,0.0,0.0,0.0,0.0,0.0,0.0,0.0,0.0
P,64,1,4,90,4,781.898446,0.0,0.0,781.898446,195.4746115,0.0,195.4746115,0.0,0.0,0.0,0.0,0.0,0.0,0.0,0.0,0.0
P,64,1,4,91,4,468.161932,0.0,0.0,468.161932,117.040483,0.0,117.040483,0.0,0.0,0.0,0.0,0.0,0.0,0.0,0.0,0.0
P,64,1,4,92,4,659.266025,0.0,0.0,659.266025,164.81650625,0.0,164.81650625,0.0,0.0,0.0,0.0,0.0,0.0,0.0,0.0,0.0
P,64,1,4,93,4,698.61029,0.0,0.0,698.61029,174.6525725,0.0,174.6525725,0.0,0.0,0.0,0.0,0.0,0.0,0.0,0.0,0.0
P,64,1,4,94,4,629.430995,0.0,0.0,629.430995,157.35774875,0.0,157.35774875,0.0,0.0,0.0,0.0,0.0,0.0,0.0,0.0,0.0
P,64,1,4,95,4,509.556733,0.0,0.0,509.556733,127.38918325,0.0,127.38918325,0.0,0.0,0.0,0.0,0.0,0.0,0.0,0.0,0.0
P,64,1,4,96,4,545.793204,0.0,0.0,545.793204,136.448301,0.0,136.448301,0.0,0.0,0.0,0.0,0.0,0.0,0.0,0.0,0.0
P,64,1,4,97,4,680.535071,0.0,0.0,680.535071,170.13376775,0.0,170.13376775,0.0,0.0,0.0,0.0,0.0,0.0,0.0,0.0,0.0
P,64,1,4,98,4,619.566879,0.0,0.0,619.566879,154.89171975,0.0,154.89171975,0.0,0.0,0.0,0.0,0.0,0.0,0.0,0.0,0.0
P,64,1,4,99,4,738.300276,0.0,0.0,738.300276,184.575069,0.0,184.575069,0.0,0.0,0.0,0.0,0.0,0.0,0.0,0.0,0.0
P,64,1,4,100,4,615.080834,0.0,0.0,615.080834,153.7702085,0.0,153.7702085,0.0,0.0,0.0,0.0,0.0,0.0,0.0,0.0,0.0
P,64,1,4,101,4,662.71418,0.0,0.0,662.71418,165.678545,0.0,165.678545,0.0,0.0,0.0,0.0,0.0,0.0,0.0,0.0,0.0
P,64,1,4,102,4,544.078856,0.0,0.0,544.078856,136.019714,0.0,136.019714,0.0,0.0,0.0,0.0,0.0,0.0,0.0,0.0,0.0
P,64,1,4,103,4,824.008411,0.0,0.0,824.008411,206.00210275,0.0,206.00210275,0.0,0.0,0.0,0.0,0.0,0.0,0.0,0.0,0.0
P,64,1,4,104,4,558.068726,0.0,0.0,558.068726,139.5171815,0.0,139.5171815,0.0,0.0,0.0,0.0,0.0,0.0,0.0,0.0,0.0
P,64,1,4,105,4,639.339076,0.0,0.0,639.339076,159.834769,0.0,159.834769,0.0,0.0,0.0,0.0,0.0,0.0,0.0,0.0,0.0
P,64,1,4,106,4,597.334686,0.0,0.0,597.334686,149.3336715,0.0,149.3336715,0.0,0.0,0.0,0.0,0.0,0.0,0.0,0.0,0.0
P,64,1,4,107,4,484.276745,0.0,0.0,484.276745,121.06918625,0.0,121.06918625,0.0,0.0,0.0,0.0,0.0,0.0,0.0,0.0,0.0
P,64,1,4,108,4,706.059719,0.0,0.0,706.059719,176.51492975,0.0,176.51492975,0.0,0.0,0.0,0.0,0.0,0.0,0.0,0.0,0.0
P,64,1,4,109,4,657.042842,0.0,0.0,657.042842,164.2607105,0.0,164.2607105,0.0,0.0,0.0,0.0,0.0,0.0,0.0,0.0,0.0
P,64,1,4,110,4,536.629307,0.0,0.0,536.629307,134.15732675,0.0,134.15732675,0.0,0.0,0.0,0.0,0.0,0.0,0.0,0.0,0.0
P,64,1,4,111,4,567.60467,0.0,0.0,567.60467,141.9011675,0.0,141.9011675,0.0,0.0,0.0,0.0,0.0,0.0,0.0,0.0,0.0
P,64,1,4,112,4,537.946902,0.0,0.0,537.946902,134.4867255,0.0,134.4867255,0.0,0.0,0.0,0.0,0.0,0.0,0.0,0.0,0.0
P,64,1,4,113,4,539.463245,0.0,0.0,539.463245,134.86581125,0.0,134.86581125,0.0,0.0,0.0,0.0,0.0,0.0,0.0,0.0,0.0
P,64,1,4,114,4,718.67675,0.0,0.0,718.67675,179.6691875,0.0,179.6691875,0.0,0.0,0.0,0.0,0.0,0.0,0.0,0.0,0.0
P,64,1,4,115,4,764.328173,0.0,0.0,764.328173,191.08204325,0.0,191.08204325,0.0,0.0,0.0,0.0,0.0,0.0,0.0,0.0,0.0
P,64,1,4,116,4,695.992926,0.0,0.0,695.992926,173.9982315,0.0,173.9982315,0.0,0.0,0.0,0.0,0.0,0.0,0.0,0.0,0.0
P,64,1,4,117,4,691.374131,0.0,0.0,691.374131,172.84353275,0.0,172.84353275,0.0,0.0,0.0,0.0,0.0,0.0,0.0,0.0,0.0
P,64,1,4,118,4,699.811489,0.0,0.0,699.811489,174.95287225,0.0,174.95287225,0.0,0.0,0.0,0.0,0.0,0.0,0.0,0.0,0.0
P,64,1,4,119,4,614.287818,0.0,0.0,614.287818,153.5719545,0.0,153.5719545,0.0,0.0,0.0,0.0,0.0,0.0,0.0,0.0,0.0
