workload,cell,arm,selector,model_identity,round,num_samples,perf_time_sec,throughput_samples_per_sec,setup_time_sec,plan_cost,plan_summary,results_path
simclrv2,ablation_matrix,optimizer,0,Cedar native staged optimizer (baseline),1,75752,64.93065006099641,1166.6601201256713,25.07655740296468,161.26200626159147,"W=64; fused=[[4, 2, 5]]; stages=['FusedPipe:RAY']",outputs/pico_final_w_only_20260924/simclrv2/results/ablation_matrix.json
simclrv2,ablation_matrix,pico_final,39,"joint W-only DP search + representation-aware affine compute (k_(op,class)*elements+b) + stage boundary; width fixed at 1",1,75752,32.253574915230274,2348.6388779877416,132.14990953402594,937.1371240613241,"W=64; fused=[[3, 6, 2, 5, 7, 1, 4]]; stages=[]",outputs/pico_final_w_only_20260924/simclrv2/results/ablation_matrix.json
simclrv2,ablation_matrix,staged_final,42,Cedar's staged search priced by the final PICO cost model (Cedar cost function replaced; same compute/boundary/backend/W rules),1,75752,31.890324134845287,2375.3913469079107,26.30666066892445,1165.5990586898972,W=64; fused=[]; stages=[],outputs/pico_final_w_only_20260924/simclrv2/results/ablation_matrix.json
simclrv2,ablation_matrix,old_dp_boundary,28,DP search priced by Cedar's legacy profile entries (baseline latency + whole-pipeline offload throughput) with Cedar's fixed+bytes boundary; no W search,1,75752,358.48988399095833,211.30861255184143,4.384064028970897,3.4616232626556824,"W=1; fused=[[3, 6], [2, 4, 5], [7, 1]]; stages=['MapperPipe_GaussianBlur:SMP', 'MapperPipe_ColorJitter:SMP', 'MapperPipe_RandomHorizontalFlip:SMP', 'FusedPipe:SMP']",outputs/pico_final_w_only_20260924/simclrv2/results/ablation_matrix.json
simclrv2,ablation_matrix,pico_final_no_boundary,40,"same W-only search and element/representation affine compute, explicit boundary term removed (operator-level change only)",1,75752,31.812547435518354,2381.198806965824,175.52252577012405,937.1371240613241,"W=64; fused=[[3, 6, 2, 5, 7, 1, 4]]; stages=[]",outputs/pico_final_w_only_20260924/simclrv2/results/ablation_matrix.json
simclrv2,ablation_matrix,pico_byte_proportional,41,"byte-proportional compute (y = x in bytes, i.e. Cedar's operator layer) + boundary model + the same W-only search (boundary-level change only)",1,75752,31.244612542446703,2424.4819773997433,166.3834856869653,349.52767325875567,"W=64; fused=[[3, 6, 2, 4, 5, 7, 1]]; stages=[]",outputs/pico_final_w_only_20260924/simclrv2/results/ablation_matrix.json
simclrv2_cache,ablation_matrix,optimizer,0,Cedar native staged optimizer (baseline),1,75752,64.05609155865386,1182.5885432088314,24.629294000100344,222.72883963601768,"W=64; fused=[[5, 4, 2]]; stages=['FusedPipe:RAY']",outputs/pico_final_w_only_20260924/simclrv2_cache/results/ablation_matrix.json
simclrv2_cache,ablation_matrix,pico_final,39,"joint W-only DP search + representation-aware affine compute (k_(op,class)*elements+b) + stage boundary; width fixed at 1",1,75752,30.910929274745286,2450.65424357496,126.73173854500055,1053.5906883870061,"W=64; fused=[[3, 7, 6, 2, 1, 4, 5]]; stages=[]",outputs/pico_final_w_only_20260924/simclrv2_cache/results/ablation_matrix.json
simclrv2_cache,ablation_matrix,staged_final,42,Cedar's staged search priced by the final PICO cost model (Cedar cost function replaced; same compute/boundary/backend/W rules),1,75752,30.534813966602087,2480.840396894341,26.864124689251184,1123.349463381129,W=64; fused=[]; stages=[],outputs/pico_final_w_only_20260924/simclrv2_cache/results/ablation_matrix.json
simclrv2_cache,ablation_matrix,old_dp_boundary,28,DP search priced by Cedar's legacy profile entries (baseline latency + whole-pipeline offload throughput) with Cedar's fixed+bytes boundary; no W search,1,75752,351.41269493475556,215.5642100922517,4.4093722170218825,3.775215219198435,"W=1; fused=[[3, 6], [2, 4, 5], [7, 1]]; stages=['MapperPipe_GaussianBlur:SMP', 'MapperPipe_ColorJitter:SMP', 'MapperPipe_RandomHorizontalFlip:SMP', 'FusedPipe:SMP']",outputs/pico_final_w_only_20260924/simclrv2_cache/results/ablation_matrix.json
simclrv2_cache,ablation_matrix,pico_final_no_boundary,40,"same W-only search and element/representation affine compute, explicit boundary term removed (operator-level change only)",1,75752,30.824444918893278,2457.5300609409906,207.33013550331816,1053.5906883870061,"W=64; fused=[[3, 7, 6, 2, 1, 4, 5]]; stages=[]",outputs/pico_final_w_only_20260924/simclrv2_cache/results/ablation_matrix.json
simclrv2_cache,ablation_matrix,pico_byte_proportional,41,"byte-proportional compute (y = x in bytes, i.e. Cedar's operator layer) + boundary model + the same W-only search (boundary-level change only)",1,75752,30.80762700876221,2458.871628718916,171.21954649081454,301.5690874815119,"W=64; fused=[[3, 6, 2, 4, 5, 7, 1]]; stages=[]",outputs/pico_final_w_only_20260924/simclrv2_cache/results/ablation_matrix.json
commonvoice,ablation_matrix,optimizer,0,Cedar native staged optimizer (baseline),1,100000,610.2229757970199,163.87452450375002,21.42161156097427,153.0750205598197,"W=64; fused=[[6, 5, 4, 3, 2, 1, 0]]; stages=['FusedPipe:RAY']",outputs/pico_final_w_only_20260924/commonvoice/results/ablation_matrix.json
commonvoice,ablation_matrix,pico_final,39,"joint W-only DP search + representation-aware affine compute (k_(op,class)*elements+b) + stage boundary; width fixed at 1",1,100000,137.59855679702014,726.7518085056371,22.059835960622877,3279.1763924095926,"W=64; fused=[[6, 5, 4, 3, 2, 1, 0]]; stages=[]",outputs/pico_final_w_only_20260924/commonvoice/results/ablation_matrix.json
commonvoice,ablation_matrix,staged_final,42,Cedar's staged search priced by the final PICO cost model (Cedar cost function replaced; same compute/boundary/backend/W rules),1,100000,137.46860675141215,727.4388121269931,21.512312517035753,3279.1763924095926,W=64; fused=[]; stages=[],outputs/pico_final_w_only_20260924/commonvoice/results/ablation_matrix.json
commonvoice,ablation_matrix,old_dp_boundary,28,DP search priced by Cedar's legacy profile entries (baseline latency + whole-pipeline offload throughput) with Cedar's fixed+bytes boundary; no W search,1,100000,155.71368044195697,642.2043311555756,11.292024618014693,421.0525506431441,"W=32; fused=[[6, 5, 4, 3], [2, 1, 0]]; stages=['MapperPipe__stretch:SMP', 'MapperPipe__spec:SMP', 'MapperPipe__resample:SMP', 'MapperPipe__read:SMP', 'FusedPipe:SMP']",outputs/pico_final_w_only_20260924/commonvoice/results/ablation_matrix.json
commonvoice,ablation_matrix,pico_final_no_boundary,40,"same W-only search and element/representation affine compute, explicit boundary term removed (operator-level change only)",1,100000,137.87778997374699,725.2799745270125,22.891336925327778,3279.1763924095926,"W=64; fused=[[6, 5, 4, 3, 2, 1, 0]]; stages=[]",outputs/pico_final_w_only_20260924/commonvoice/results/ablation_matrix.json
commonvoice,ablation_matrix,pico_byte_proportional,41,"byte-proportional compute (y = x in bytes, i.e. Cedar's operator layer) + boundary model + the same W-only search (boundary-level change only)",1,100000,137.8401833162643,725.4778511905868,22.500574849080294,1720.3349638933726,"W=64; fused=[[6, 5, 4, 3, 2, 1, 0]]; stages=[]",outputs/pico_final_w_only_20260924/commonvoice/results/ablation_matrix.json
coco,ablation_matrix,optimizer,0,Cedar native staged optimizer (baseline),1,20000,787.5326688033529,25.395771873679575,18.68605489609763,1338.6211048309297,"W=64; fused=[[1, 5, 4, 3, 2]]; stages=['FusedPipe:RAY']",outputs/pico_final_w_only_20260924/coco/results/ablation_matrix.json
coco,ablation_matrix,pico_final,39,"joint W-only DP search + representation-aware affine compute (k_(op,class)*elements+b) + stage boundary; width fixed at 1",1,20000,91.95775933889672,217.49116272279926,10.404888013843447,3779.2549123077006,"W=32; fused=[[1, 5, 4], [3, 2]]; stages=['MapperPipe_distort:SMP', 'MapperPipe_crop:SMP', 'MapperPipe_zoom_out:SMP', 'FusedPipe:SMP']",outputs/pico_final_w_only_20260924/coco/results/ablation_matrix.json
coco,ablation_matrix,staged_final,42,Cedar's staged search priced by the final PICO cost model (Cedar cost function replaced; same compute/boundary/backend/W rules),1,20000,132.70739953499287,150.70749686965505,18.609217473771423,550212.4123419626,W=64; fused=[]; stages=[],outputs/pico_final_w_only_20260924/coco/results/ablation_matrix.json
coco,ablation_matrix,old_dp_boundary,28,DP search priced by Cedar's legacy profile entries (baseline latency + whole-pipeline offload throughput) with Cedar's fixed+bytes boundary; no W search,1,20000,73.70929891522974,271.3361854520044,18.515342813916504,4137.262399876256,"W=64; fused=[[1, 5, 4, 3, 2]]; stages=[]",outputs/pico_final_w_only_20260924/coco/results/ablation_matrix.json
coco,ablation_matrix,pico_final_no_boundary,40,"same W-only search and element/representation affine compute, explicit boundary term removed (operator-level change only)",1,20000,93.21544840419665,214.55671074258953,10.725472758989781,3403.6765547487344,"W=32; fused=[[1, 5, 4], [3, 2]]; stages=['MapperPipe_distort:SMP', 'MapperPipe_crop:SMP', 'MapperPipe_zoom_out:SMP', 'FusedPipe:SMP']",outputs/pico_final_w_only_20260924/coco/results/ablation_matrix.json
coco,ablation_matrix,pico_byte_proportional,41,"byte-proportional compute (y = x in bytes, i.e. Cedar's operator layer) + boundary model + the same W-only search (boundary-level change only)",1,20000,74.14452171092853,269.7434623420344,19.65392090426758,2984.3080031215136,"W=64; fused=[[1, 5, 4, 3, 2]]; stages=[]",outputs/pico_final_w_only_20260924/coco/results/ablation_matrix.json
llava_pretrain,ablation_matrix,(cell failed),,recorded failure; see the cell log,0,,,,,,,outputs/pico_final_w_only_20260924/llava_pretrain/results/ablation_matrix.failed.json
wikitext103,ablation_matrix_byte,optimizer,0,Cedar native staged optimizer (baseline),1,100000,18.474797556642443,5412.779203312348,14.411725576967001,0.37750573472590476,"W=1; fused=[[8, 7, 6, 5, 3, 4]]; stages=['FusedPipe:RAY']",outputs/pico_final_w_only_20260924/wikitext103/results/ablation_matrix_byte.json
wikitext103,ablation_matrix_byte,old_dp_boundary,28,DP search priced by Cedar's legacy profile entries (baseline latency + whole-pipeline offload throughput) with Cedar's fixed+bytes boundary; no W search,1,100000,40.854110452812165,2447.7341176110854,2.6094425208866596,0.45018059804623345,"W=1; fused=[[8, 7, 6, 5, 3, 4]]; stages=[]",outputs/pico_final_w_only_20260924/wikitext103/results/ablation_matrix_byte.json
wikitext103,ablation_matrix_byte,pico_byte_proportional,41,"byte-proportional compute (y = x in bytes, i.e. Cedar's operator layer) + boundary model + the same W-only search (boundary-level change only)",1,100000,66.16558228619397,1511.3597816982544,76.65195962227881,48.87424210079041,"W=64; fused=[[8, 7, 6, 5, 3, 4]]; stages=[]",outputs/pico_final_w_only_20260924/wikitext103/results/ablation_matrix_byte.json
wikitext103,ablation_matrix_repr,(cell failed),,recorded failure; see the cell log,0,,,,,,,outputs/pico_final_w_only_20260924/wikitext103/results/ablation_matrix_repr.failed.json
