config,batch_id,stage_index,stage_members,source_records,T_ms,T_ms_per_record,C_ms,C_ms_per_record,H_ms,H_ms_per_record,in_bytes,out_bytes,in_bytes_per_record,out_bytes_per_record,batch_whole_T_ms_per_record,instrument
U,0,0,to_float,4,157.37101342529058,39.342753356322646,1.727842,0.4319605,155.64317142529057,38.910792856322644,2251676,9001680,562919.0,2250420.0,128.00853373482823,on
U,0,1,crop,4,234.6480512060225,58.662012801505625,18.602466,4.6506165,216.0455852060225,54.01139630150563,9001680,2859400,2250420.0,714850.0,128.00853373482823,on
U,0,2,flip,4,100.71302996948361,25.178257492370903,1.132344,0.283086,99.58068596948361,24.895171492370903,2859400,2859402,714850.0,714850.5,128.00853373482823,on
U,1,0,to_float,4,155.52856167778373,38.88214041944593,1.726717,0.43167925,153.80184467778372,38.45046116944593,2251676,9001680,562919.0,2250420.0,124.49783156625926,on
U,1,1,crop,4,221.4434309862554,55.36085774656385,18.693841,4.67346025,202.74958998625542,50.687397496563854,9001680,2859400,2250420.0,714850.0,124.49783156625926,on
U,1,2,flip,4,97.99255942925811,24.498139857314527,1.116793,0.27919825,96.8757664292581,24.218941607314527,2859400,2859402,714850.0,714850.5,124.49783156625926,on
U,2,0,to_float,4,166.57029371708632,41.64257342927158,1.7979979999999998,0.44949949999999994,164.7722957170863,41.19307392927158,2365676,9457682,591419.0,2364420.5,129.58038866054267,on
U,2,1,crop,4,227.14861994609237,56.78715498652309,19.428055999999998,4.8570139999999995,207.72056394609237,51.93014098652309,9457682,2859402,2364420.5,714850.5,129.58038866054267,on
U,2,2,flip,4,98.97736134007573,24.744340335018933,1.087663,0.27191575,97.88969834007573,24.47242458501893,2859402,2859402,714850.5,714850.5,129.58038866054267,on
U,3,0,to_float,4,159.73289776593447,39.93322444148362,1.701089,0.42527225,158.03180876593447,39.50795219148362,2251676,9001682,562919.0,2250420.5,120.41589349973947,on
U,3,1,crop,4,197.01109593734145,49.25277398433536,19.125092000000002,4.7812730000000006,177.88600393734146,44.471500984335364,9001682,2859402,2250420.5,714850.5,120.41589349973947,on
U,3,2,flip,4,99.66759290546179,24.916898226365447,1.118192,0.279548,98.5494009054618,24.63735022636545,2859402,2859402,714850.5,714850.5,120.41589349973947,on
U,4,0,to_float,4,168.81584282964468,42.20396070741117,1.716966,0.4292415,167.09887682964467,41.77471920741117,2251676,9001682,562919.0,2250420.5,118.84762078989297,on
U,4,1,crop,4,187.17114813625813,46.79278703406453,19.157253,4.78931325,168.01389513625813,42.00347378406453,9001682,2859400,2250420.5,714850.0,118.84762078989297,on
U,4,2,flip,4,98.10223896056414,24.525559740141034,1.0961649999999998,0.27404124999999996,97.00607396056414,24.251518490141034,2859400,2859402,714850.0,714850.5,118.84762078989297,on
U,5,0,to_float,4,167.64588793739676,41.91147198434919,1.754253,0.43856325,165.89163493739676,41.47290873434919,2251676,9001680,562919.0,2250420.0,116.70215346384794,on
U,5,1,crop,4,191.5838737040758,47.89596842601895,19.111722,4.7779305,172.47215170407583,43.11803792601896,9001680,2859402,2250420.0,714850.5,116.70215346384794,on
U,5,2,flip,4,87.20488520339131,21.80122130084783,1.107232,0.276808,86.09765320339132,21.52441330084783,2859402,2859402,714850.5,714850.5,116.70215346384794,on
U,6,0,to_float,4,167.50449128448963,41.87612282112241,1.687365,0.42184125,165.81712628448963,41.45428157112241,2251676,9001682,562919.0,2250420.5,116.10092723276466,on
U,6,1,crop,4,187.33294075354934,46.833235188387334,18.608771,4.65219275,168.72416975354935,42.18104243838734,9001682,2859400,2250420.5,714850.0,116.10092723276466,on
U,6,2,flip,4,88.85944494977593,22.214861237443984,1.090139,0.27253475,87.76930594977594,21.942326487443985,2859400,2859402,714850.0,714850.5,116.10092723276466,on
U,7,0,to_float,4,169.416141230613,42.35403530765325,1.7294530000000001,0.43236325000000003,167.686688230613,41.92167205765325,2251676,9001682,562919.0,2250420.5,122.6905049989,on
U,7,1,crop,4,165.82651901990175,41.45662975497544,18.503020999999997,4.625755249999999,147.32349801990176,36.83087450497544,9001682,2859402,2250420.5,714850.5,122.6905049989,on
U,7,2,flip,4,129.4828960672021,32.37072401680052,1.121559,0.28038975,128.3613370672021,32.090334266800525,2859402,2859400,714850.5,714850.0,122.6905049989,on
U,8,0,to_float,4,172.67928598448634,43.169821496121585,1.745974,0.4364935,170.93331198448635,42.73332799612159,2251676,9001682,562919.0,2250420.5,120.7852573134005,on
U,8,1,crop,4,164.38808292150497,41.097020730376244,18.432724,4.608181,145.95535892150497,36.48883973037624,9001682,2859402,2250420.5,714850.5,120.7852573134005,on
U,8,2,flip,4,124.49765112251043,31.12441278062761,1.2254559999999999,0.30636399999999997,123.27219512251044,30.81804878062761,2859402,2859402,714850.5,714850.5,120.7852573134005,on
U,9,0,to_float,4,187.7430249005556,46.9357562251389,1.8552790000000001,0.46381975000000003,185.88774590055561,46.471936475138904,2424176,9691682,606044.0,2422920.5,123.96290129981935,on
U,9,1,crop,4,200.089146848768,50.022286712192,18.923354,4.7308385,181.165792848768,45.291448212192,9691682,2859402,2422920.5,714850.5,123.96290129981935,on
U,9,2,flip,4,85.82209795713425,21.45552448928356,1.083682,0.2709205,84.73841595713425,21.184603989283563,2859402,2859402,714850.5,714850.5,123.96290129981935,on
U,10,0,to_float,4,107.9022060148418,26.97555150371045,1.155374,0.2888435,106.7468320148418,26.68670800371045,1315672,5257676,328918.0,1314419.0,86.1936587607488,on
U,10,1,crop,4,141.34299289435148,35.33574822358787,17.993264,4.498316,123.34972889435149,30.83743222358787,5257676,2859402,1314419.0,714850.5,86.1936587607488,on
U,10,2,flip,4,79.66277096420527,19.915692741051316,1.188992,0.297248,78.47377896420527,19.618444741051317,2859402,2859402,714850.5,714850.5,86.1936587607488,on
U,11,0,to_float,4,151.4862459152937,37.87156147882342,1.423869,0.35596725,150.0623769152937,37.515594228823424,1726076,6899282,431519.0,1724820.5,104.68641831539571,on
U,11,1,crop,4,160.15966702252626,40.039916755631566,18.506715,4.62667875,141.65295202252628,35.41323800563157,6899282,2859402,1724820.5,714850.5,104.68641831539571,on
U,11,2,flip,4,88.10713700950146,22.026784252375364,1.195634,0.2989085,86.91150300950146,21.727875752375365,2859402,2859402,714850.5,714850.5,104.68641831539571,on
U,12,0,to_float,4,181.74659740179777,45.43664935044944,1.592879,0.39821975,180.15371840179776,45.03842960044944,2089321,8352274,522330.25,2088068.5,116.15358095150441,on
U,12,1,crop,4,168.60368195921183,42.15092048980296,17.845398,4.4613495,150.75828395921184,37.68957098980296,8352274,2859402,2088068.5,714850.5,116.15358095150441,on
U,12,2,flip,4,94.75372405722737,23.688431014306843,1.1521629999999998,0.28804074999999996,93.60156105722737,23.400390264306843,2859402,2859402,714850.5,714850.5,116.15358095150441,on
U,13,0,to_float,4,71.31901197135448,17.82975299283862,0.985859,0.24646475,70.33315297135448,17.58328824283862,865412,3456644,216353.0,864161.0,79.5025120023638,on
U,13,1,crop,4,138.76997912302613,34.69249478075653,17.923804,4.480951,120.84617512302613,30.211543780756532,3456644,2859402,864161.0,714850.5,79.5025120023638,on
U,13,2,flip,4,89.78909812867641,22.447274532169104,1.121351,0.28033775,88.66774712867641,22.166936782169103,2859402,2859402,714850.5,714850.5,79.5025120023638,on
U,14,0,to_float,4,147.3745279945433,36.84363199863583,1.5172329999999998,0.37930824999999996,145.8572949945433,36.46432374863583,1936703,7741790,484175.75,1935447.5,106.77916894201189,on
U,14,1,crop,4,139.14369186386466,34.785922965966165,7.271375,1.81784375,131.87231686386465,32.96807921596616,7741790,2859402,1935447.5,714850.5,106.77916894201189,on
U,14,2,flip,4,120.44557323679328,30.11139330919832,1.105747,0.27643675,119.33982623679329,29.83495655919832,2859402,2859402,714850.5,714850.5,106.77916894201189,on
U,15,0,to_float,4,267.64338882640004,66.91084720660001,2.5764260000000005,0.6441065000000001,265.0669628264,66.2667407066,3705332,14816306,926333.0,3704076.5,167.19490278046578,on
U,15,1,crop,4,273.7151491455734,68.42878728639334,19.317737,4.82943425,254.39741214557338,63.599353036393346,14816306,2859402,3704076.5,714850.5,167.19490278046578,on
U,15,2,flip,4,97.09497122094035,24.273742805235088,1.190165,0.29754125,95.90480622094036,23.97620155523509,2859402,2859400,714850.5,714850.0,167.19490278046578,on
U,16,0,to_float,4,92.21913432702422,23.054783581756055,0.9828970000000001,0.24572425000000003,91.23623732702423,22.809059331756057,1067714,4265850,266928.5,1066462.5,85.34260478336364,on
U,16,1,crop,4,116.84892699122429,29.212231747806072,17.468919,4.36722975,99.38000799122429,24.845001997806072,4265850,2859402,1066462.5,714850.5,85.34260478336364,on
U,16,2,flip,4,117.73254023864865,29.433135059662163,1.092073,0.27301825,116.64046723864865,29.160116809662163,2859402,2859400,714850.5,714850.0,85.34260478336364,on
U,17,0,to_float,4,156.5988319925964,39.1497079981491,1.452015,0.36300375,155.1468169925964,38.7867042481491,1921975,7682881,480493.75,1920720.25,117.9510367801413,on
U,17,1,crop,4,175.73084589093924,43.93271147273481,18.000647,4.50016175,157.73019889093922,39.432549722734805,7682881,2859402,1920720.25,714850.5,117.9510367801413,on
U,17,2,flip,4,120.24257006123662,30.060642515309155,1.108955,0.27723875,119.13361506123663,29.783403765309156,2859402,2859402,714850.5,714850.5,117.9510367801413,on
U,18,0,to_float,4,350.4542768932879,87.61356922332197,2.9854979999999998,0.7463744999999999,347.4687788932879,86.86719472332197,4285436,17136722,1071359.0,4284180.5,203.8799497531727,on
U,18,1,crop,4,331.6331529058516,82.9082882264629,19.081415,4.77035375,312.5517379058516,78.1379344764629,17136722,2859402,4284180.5,714850.5,203.8799497531727,on
U,18,2,flip,4,97.75896277278662,24.439740693196654,1.174553,0.29363825,96.58440977278661,24.146102443196654,2859402,2859402,714850.5,714850.5,203.8799497531727,on
U,19,0,to_float,4,114.59029512479901,28.647573781199753,1.2221069999999998,0.30552674999999996,113.36818812479902,28.342047031199755,1582614,6325440,395653.5,1581360.0,96.26740624662489,on
U,19,1,crop,4,165.18711671233177,41.29677917808294,20.401048,5.100262,144.78606871233177,36.19651717808294,6325440,2859402,1581360.0,714850.5,96.26740624662489,on
U,19,2,flip,4,88.29853497445583,22.07463374361396,1.127689,0.28192225,87.17084597445583,21.792711493613957,2859402,2859402,714850.5,714850.5,96.26740624662489,on
U,20,0,to_float,4,616.5781989693642,154.14454974234104,23.746138000000002,5.9365345000000005,592.8320609693642,148.20801524234105,7780494,31116960,1945123.5,7779240.0,340.49987723119557,on
U,20,1,crop,4,532.1952877566218,133.04882193915546,13.112077,3.27801925,519.0832107566218,129.77080268915546,31116960,2859400,7779240.0,714850.0,340.49987723119557,on
U,20,2,flip,4,98.38008275255561,24.595020688138902,1.1881869999999999,0.29704674999999997,97.19189575255561,24.297973938138902,2859400,2859402,714850.0,714850.5,340.49987723119557,on
U,21,0,to_float,4,83.96173221990466,20.990433054976165,1.006751,0.25168775,82.95498121990467,20.738745304976167,1228691,4909787,307172.75,1227446.75,92.085141222924,on
U,21,1,crop,4,167.814239859581,41.95355996489525,18.048071,4.51201775,149.766168859581,37.44154221489525,4909787,2859402,1227446.75,714850.5,92.085141222924,on
U,21,2,flip,4,99.90086313337088,24.97521578334272,1.084818,0.2712045,98.81604513337088,24.70401128334272,2859402,2859402,714850.5,714850.5,92.085141222924,on
U,22,0,to_float,4,145.9390609525144,36.4847652381286,1.5953460000000002,0.39883650000000004,144.3437149525144,36.0859287381286,2071675,8281681,517918.75,2070420.25,113.54338109958917,on
U,22,1,crop,4,186.35242292657495,46.588105731643736,18.893796,4.723449,167.45862692657494,41.864656731643734,8281681,2859402,2070420.25,714850.5,113.54338109958917,on
U,22,2,flip,4,101.48188192397356,25.37047048099339,1.072518,0.2681295,100.40936392397356,25.10234098099339,2859402,2859402,714850.5,714850.5,113.54338109958917,on
U,23,0,to_float,4,1107.018564362079,276.7546410905197,51.339622,12.8349055,1055.678942362079,263.91973559051974,15684470,62732858,3921117.5,15683214.5,570.5197494244203,on
U,23,1,crop,4,917.4554576165974,229.36386440414935,10.240668,2.560167,907.2147896165974,226.80369740414935,62732858,2859402,15683214.5,714850.5,570.5197494244203,on
U,23,2,flip,4,113.41392900794744,28.35348225198686,1.127667,0.28191675,112.28626200794744,28.07156550198686,2859402,2859402,714850.5,714850.5,570.5197494244203,on
U,24,0,to_float,4,95.8149810321629,23.953745258040726,1.000262,0.2500655,94.8147190321629,23.703679758040725,1116322,4460278,279080.5,1115069.5,83.85806204751134,on
U,24,1,crop,4,133.7880128994584,33.4470032248646,17.598257,4.39956425,116.1897558994584,29.0474389748646,4460278,2859402,1115069.5,714850.5,83.85806204751134,on
U,24,2,flip,4,89.75109178572893,22.437772946432233,1.1688450000000001,0.29221125000000003,88.58224678572893,22.14556169643223,2859402,2859400,714850.5,714850.0,83.85806204751134,on
U,25,0,to_float,4,199.95450228452682,49.988625571131706,1.7941399999999998,0.44853499999999996,198.16036228452683,49.54009057113171,2289774,9154080,572443.5,2288520.0,129.36797959264368,on
U,25,1,crop,4,195.8305649459362,48.95764123648405,18.985132,4.746283,176.8454329459362,44.21135823648405,9154080,2859400,2288520.0,714850.0,129.36797959264368,on
U,25,2,flip,4,101.02562187239528,25.25640546809882,1.0941100000000001,0.27352750000000003,99.93151187239528,24.98287796809882,2859400,2859402,714850.0,714850.5,129.36797959264368,on
U,26,0,to_float,4,132.83195393159986,33.207988482899964,1.255626,0.3139065,131.57632793159985,32.89408198289996,1578849,6310380,394712.25,1577595.0,98.72905991505831,on
U,26,1,crop,4,145.26709029451013,36.31677257362753,18.139746,4.5349365,127.12734429451012,31.78183607362753,6310380,2859402,1577595.0,714850.5,98.72905991505831,on
U,26,2,flip,4,99.73715292289853,24.934288230724633,1.165161,0.29129025,98.57199192289853,24.642997980724633,2859402,2859402,714850.5,714850.5,98.72905991505831,on
U,27,0,to_float,4,339.88158218562603,84.97039554640651,3.2320139999999995,0.8080034999999999,336.64956818562604,84.16239204640651,4796582,19181306,1199145.5,4795326.5,190.06306305527687,on
U,27,1,crop,4,298.6025447025895,74.65063617564738,20.555035,5.13875875,278.04750970258954,69.51187742564738,19181306,2859402,4795326.5,714850.5,190.06306305527687,on
U,27,2,flip,4,89.1623878851533,22.290596971288323,1.103434,0.2758585,88.0589538851533,22.014738471288325,2859402,2859402,714850.5,714850.5,190.06306305527687,on
U,28,0,to_float,4,169.84259290620685,42.46064822655171,1.729552,0.432388,168.11304090620683,42.02826022655171,2147874,8586480,536968.5,2146620.0,116.86237528920174,on
U,28,1,crop,4,180.08982110768557,45.02245527692139,18.394038,4.5985095,161.69578310768557,40.42394577692139,8586480,2859402,2146620.0,714850.5,116.86237528920174,on
U,28,2,flip,4,97.48837631195784,24.37209407798946,1.1725949999999998,0.29314874999999996,96.31578131195783,24.07894532798946,2859402,2859402,714850.5,714850.5,116.86237528920174,on
U,29,0,to_float,4,86.4973389543593,21.624334738589823,1.000998,0.2502495,85.4963409543593,21.374085238589824,1207384,4824526,301846.0,1206131.5,86.24703483656049,on
U,29,1,crop,4,144.45050805807114,36.112627014517784,18.615831,4.65395775,125.83467705807114,31.458669264517784,4824526,2859402,1206131.5,714850.5,86.24703483656049,on
U,29,2,flip,4,97.15150902047753,24.287877255119383,1.095748,0.273937,96.05576102047753,24.013940255119383,2859402,2859402,714850.5,714850.5,86.24703483656049,on
U,30,0,to_float,4,182.06572718918324,45.51643179729581,1.816294,0.4540735,180.24943318918324,45.06235829729581,2449795,9794159,612448.75,2448539.75,125.68751873914152,on
U,30,1,crop,4,197.95283116400242,49.488207791000605,18.799727,4.69993175,179.15310416400243,44.78827604100061,9794159,2859402,2448539.75,714850.5,125.68751873914152,on
U,30,2,flip,4,100.67855473607779,25.169638684019446,1.188493,0.29712325,99.49006173607779,24.872515434019448,2859402,2859402,714850.5,714850.5,125.68751873914152,on
U,31,0,to_float,4,240.9321111626923,60.23302779067308,2.493737,0.62343425,238.4383741626923,59.609593540673075,3625300,14496181,906325.0,3624045.25,157.50350628513843,on
U,31,1,crop,4,265.88947232812643,66.47236808203161,19.493432000000002,4.8733580000000005,246.39604032812642,61.599010082031604,14496181,2859400,3624045.25,714850.0,157.50350628513843,on
U,31,2,flip,4,96.02214815095067,24.005537037737668,1.151502,0.2878755,94.87064615095068,23.71766153773767,2859400,2859402,714850.0,714850.5,157.50350628513843,on
U,32,0,to_float,4,221.99958516284823,55.49989629071206,2.391258,0.5978145,219.60832716284824,54.90208179071206,3343584,13369320,835896.0,3342330.0,144.40809900406748,on
U,32,1,crop,4,231.737338937819,57.93433473445475,18.827047,4.70676175,212.910291937819,53.22757298445475,13369320,2859402,3342330.0,714850.5,144.40809900406748,on
U,32,2,flip,4,97.36113110557199,24.340282776392996,1.103988,0.275997,96.25714310557198,24.064285776392996,2859402,2859402,714850.5,714850.5,144.40809900406748,on
U,33,0,to_float,4,101.48211289197206,25.370528222993016,1.2663419999999999,0.31658549999999996,100.21577089197207,25.053942722993018,1574873,6294479,393718.25,1573619.75,102.73723304271698,on
U,33,1,crop,4,194.32218419387937,48.58054604846984,17.652454,4.4131135,176.66973019387936,44.16743254846984,6294479,2859402,1573619.75,714850.5,102.73723304271698,on
U,33,2,flip,4,97.75556204840541,24.438890512101352,1.280313,0.32007825,96.4752490484054,24.11881226210135,2859402,2859402,714850.5,714850.5,102.73723304271698,on
U,34,0,to_float,4,120.44991506263614,30.112478765659034,1.3189279999999999,0.32973199999999997,119.13098706263614,29.782746765659034,1698824,6790274,424706.0,1697568.5,98.63425849471241,on
U,34,1,crop,4,167.7961479872465,41.94903699681163,18.657242,4.6643105,149.13890598724652,37.28472649681163,6790274,2859402,1697568.5,714850.5,98.63425849471241,on
U,34,2,flip,4,86.66691882535815,21.666729706339538,1.083589,0.27089725,85.58332982535815,21.395832456339537,2859402,2859402,714850.5,714850.5,98.63425849471241,on
U,35,0,to_float,4,272.6301681250334,68.15754203125834,2.7878200000000004,0.6969550000000001,269.84234812503337,67.46058703125834,4006397,16020566,1001599.25,4005141.5,167.0220724772662,on
U,35,1,crop,4,269.0697377547622,67.26743443869054,19.483428000000004,4.870857000000001,249.58630975476217,62.39657743869054,16020566,2859402,4005141.5,714850.5,167.0220724772662,on
U,35,2,flip,4,96.76191303879023,24.190478259697556,1.20166,0.300415,95.56025303879022,23.890063259697556,2859402,2859402,714850.5,714850.5,167.0220724772662,on
U,36,0,to_float,4,89.19587591663003,22.298968979157507,0.9998849999999999,0.24997124999999998,88.19599091663002,22.048997729157506,1074967,4294858,268741.75,1073714.5,83.16280553117394,on
U,36,1,crop,4,114.04059221968055,28.510148054920137,17.622031,4.40550775,96.41856121968056,24.10464030492014,4294858,2859402,1073714.5,714850.5,83.16280553117394,on
U,36,2,flip,4,113.87481587007642,28.468703967519104,1.132279,0.28306975,112.74253687007642,28.185634217519105,2859402,2859402,714850.5,714850.5,83.16280553117394,on
U,37,0,to_float,4,130.64708095043898,32.661770237609744,1.3546140000000002,0.33865350000000005,129.29246695043898,32.323116737609745,1759450,7032781,439862.5,1758195.25,98.06257206946611,on
U,37,1,crop,4,162.04914497211576,40.51228624302894,18.379117,4.59477925,143.67002797211575,35.91750699302894,7032781,2859402,1758195.25,714850.5,98.06257206946611,on
U,37,2,flip,4,79.96105495840311,19.990263739600778,1.189527,0.29738175,78.77152795840311,19.692881989600778,2859402,2859402,714850.5,714850.5,98.06257206946611,on
U,38,0,to_float,4,120.509197935462,30.1272994838655,0.9905289999999999,0.24763224999999997,119.518668935462,29.8796672338655,1057134,4223520,264283.5,1055880.0,90.74940928258002,on
U,38,1,crop,4,130.06076868623495,32.51519217155874,17.721083,4.43027075,112.33968568623496,28.08492142155874,4223520,2859402,1055880.0,714850.5,90.74940928258002,on
U,38,2,flip,4,96.31331078708172,24.07832769677043,1.137578,0.2843945,95.17573278708171,23.79393319677043,2859402,2859402,714850.5,714850.5,90.74940928258002,on
U,39,0,to_float,4,114.59470773115754,28.648676932789385,1.237151,0.30928775,113.35755673115754,28.339389182789386,1546824,6182280,386706.0,1545570.0,102.43398474995047,on
U,39,1,crop,4,179.35412097722292,44.83853024430573,18.469403999999997,4.617350999999999,160.88471697722292,40.22117924430573,6182280,2859402,1545570.0,714850.5,102.43398474995047,on
U,39,2,flip,4,99.59054877981544,24.89763719495386,1.186421,0.29660525,98.40412777981544,24.60103194495386,2859402,2859400,714850.5,714850.0,102.43398474995047,on
